sourceNodeId,sourceAppId,targetNodeId,targetAppId,relationshipType,count,avgPercentIdentityPalmprint,avgPercentIdentityStatKmers,avgPercentIdentityStatSpots,weight
7713664,u7986,8755906,29,HAS_HOST_STAT,1,0.85,0.8129,0.0083,0.6909649999999999
7713664,u7986,8756157,356,HAS_HOST_STAT,2,1.0,0.83195,0.35155000000000003,0.83195
7710320,u7106,8756157,356,HAS_HOST_STAT,1,1.0,0.8148,0.4619,0.8148
7698370,u1958,8756954,1385,HAS_HOST_STAT,1,0.6,0.8995,0.0466,0.5397
7729255,u18450,8756954,1385,HAS_HOST_STAT,1,1.0,0.9853,0.6383,0.9853
7695498,u1041,8756954,1385,HAS_HOST_STAT,10,0.941,0.97968,0.29266000000000003,0.92187888
7687472,u128,8756954,1385,HAS_HOST_STAT,7,0.9571428571428572,0.9776142857142857,0.27212857142857144,0.9357165306122449
7744199,u24285,8756954,1385,HAS_HOST_STAT,1,1.0,0.8979,0.1829,0.8979
8637669,u913280,8756954,1385,HAS_HOST_STAT,1,0.64,0.8979,0.1829,0.5746560000000001
7725949,u17125,8756954,1385,HAS_HOST_STAT,1,1.0,0.8979,0.1829,0.8979
7713664,u7986,8757513,2085,HAS_HOST_STAT,2,1.0,0.8639,0.35895,0.8639
7714985,u8555,8758279,3042,HAS_HOST_STAT,1,0.38,0.9989,0.9442,0.37958200000000003
7698370,u1958,8758425,3215,HAS_HOST_STAT,1,0.79,0.9998,0.9543,0.789842
8637669,u913280,8758425,3215,HAS_HOST_STAT,1,0.65,0.9999,0.9531,0.649935
7766399,u37868,8758425,3215,HAS_HOST_STAT,2,0.995,0.9998,0.9432499999999999,0.994801
7702489,u2740,8758678,3502,HAS_HOST_STAT,1,0.48,0.9759,0.6987,0.46843199999999996
7692712,u602,8758678,3502,HAS_HOST_STAT,1,0.52,0.9712,0.713,0.505024
8064805,u217989,8758678,3502,HAS_HOST_STAT,1,0.99,0.9865,0.5891,0.976635
7729255,u18450,8758804,3646,HAS_HOST_STAT,4,1.0,0.9835,0.716525,0.9835
8182258,u303211,8758804,3646,HAS_HOST_STAT,2,0.97,0.8687,0.1595,0.842639
7729255,u18450,8758852,3699,HAS_HOST_STAT,21,0.994761904761905,0.9880619047619048,0.7568904761904761,0.9828863424036284
8166437,u291146,8758852,3699,HAS_HOST_STAT,2,0.995,0.98635,0.92285,0.9814182499999999
7713664,u7986,8758852,3699,HAS_HOST_STAT,35,0.981142857142857,0.9913885714285713,0.8393999999999999,0.9726938155102037
7702489,u2740,8758852,3699,HAS_HOST_STAT,3,0.96,0.9981,0.9556,0.9581759999999999
7692881,u703,8758852,3699,HAS_HOST_STAT,2,0.46499999999999997,0.99295,0.8932,0.46172175
8182258,u303211,8758852,3699,HAS_HOST_STAT,1,1.0,0.9971,0.9475,0.9971
7725078,u16704,8758852,3699,HAS_HOST_STAT,1,1.0,0.9969,0.948,0.9969
7697617,u1680,8758852,3699,HAS_HOST_STAT,4,0.9225,0.9912,0.699325,0.9143819999999999
7744199,u24285,8758852,3699,HAS_HOST_STAT,1,0.33,0.9983,0.9519,0.329439
7729255,u18450,8758892,3744,HAS_HOST_STAT,9,0.9588888888888889,0.9881111111111112,0.8102111111111112,0.9474887654320988
7698370,u1958,8758892,3744,HAS_HOST_STAT,1,1.0,0.9625,0.9264,0.9625
7713664,u7986,8758892,3744,HAS_HOST_STAT,8,0.91625,0.98885,0.8332750000000001,0.9060338125
7725949,u17125,8758892,3744,HAS_HOST_STAT,1,0.39,0.9953,0.8238,0.388167
8253847,u383314,8758892,3744,HAS_HOST_STAT,1,1.0,0.9821,0.5673,0.9821
7714377,u8238,8758892,3744,HAS_HOST_STAT,1,0.41,0.9984,0.9415,0.40934399999999993
7708698,u6048,8759158,4036,HAS_HOST_STAT,2,1.0,0.9236,0.1364,0.9236
7729255,u18450,8759158,4036,HAS_HOST_STAT,1,1.0,0.8478,0.0458,0.8478
7729255,u18450,8759188,4069,HAS_HOST_STAT,16,0.98125,0.9884250000000001,0.7346250000000001,0.96989203125
7723601,u15499,8759188,4069,HAS_HOST_STAT,9,0.3611111111111111,0.987411111111111,0.8505777777777777,0.3565651234567901
7688419,u405,8759188,4069,HAS_HOST_STAT,6,0.49,0.9788,0.8402166666666667,0.479612
7771720,u39811,8759188,4069,HAS_HOST_STAT,1,0.52,0.9977,0.8376,0.518804
7714377,u8238,8759188,4069,HAS_HOST_STAT,3,1.0,0.9944333333333333,0.9344666666666667,0.9944333333333333
7715198,u8613,8759188,4069,HAS_HOST_STAT,1,0.51,0.9789,0.7396,0.499239
7692881,u703,8759188,4069,HAS_HOST_STAT,1,0.31,0.9773,0.7994,0.302963
7713664,u7986,8759249,4143,HAS_HOST_STAT,10,0.9470000000000001,0.94272,0.27058,0.8927558400000001
7729255,u18450,8759249,4143,HAS_HOST_STAT,1,0.97,0.9724,0.2637,0.9432280000000001
7709449,u6622,8759313,4209,HAS_HOST_STAT,5,0.42,0.96102,0.14814000000000002,0.4036284
8064805,u217989,8759313,4209,HAS_HOST_STAT,1,0.52,0.8205,0.076,0.42666000000000004
7729255,u18450,8759313,4209,HAS_HOST_STAT,5,0.998,0.98602,0.85094,0.98404796
7746810,u25022,8759313,4209,HAS_HOST_STAT,1,0.42,0.9928,0.6232,0.416976
7713664,u7986,8759655,4618,HAS_HOST_STAT,1,1.0,0.9584,0.3953,0.9584
7688419,u405,8759893,4892,HAS_HOST_STAT,1,1.0,0.9987,0.851,0.9987
7749345,u26426,8759893,4892,HAS_HOST_STAT,4,0.9975,0.9767,0.812975,0.9742582500000001
7729255,u18450,8759893,4892,HAS_HOST_STAT,1,1.0,0.8413,0.5081,0.8413
7882377,u99287,8759893,4892,HAS_HOST_STAT,5,0.368,0.99054,0.7237399999999999,0.36451871999999996
7695337,u994,8759893,4892,HAS_HOST_STAT,4,1.0,0.992375,0.7060000000000001,0.992375
7713664,u7986,8759893,4892,HAS_HOST_STAT,3,0.67,0.9875,0.9546666666666667,0.661625
7702942,u2833,8759971,5014,HAS_HOST_STAT,1,0.81,0.9091,0.1506,0.7363710000000001
7729255,u18450,8759989,5042,HAS_HOST_STAT,14,1.0,0.9415357142857143,0.6334428571428571,0.9415357142857143
7713664,u7986,8759989,5042,HAS_HOST_STAT,1,0.99,0.9032,0.438,0.894168
7729255,u18450,8760044,5125,HAS_HOST_STAT,5,0.998,0.9783600000000001,0.88364,0.9764032800000001
7729255,u18450,8760086,5178,HAS_HOST_STAT,1,1.0,0.9368,0.3653,0.9368
7714985,u8555,8760086,5178,HAS_HOST_STAT,1,0.98,0.9656,0.6364,0.946288
7695805,u1095,8760209,5338,HAS_HOST_STAT,17,0.9876470588235293,0.9715764705882353,0.3373176470588235,0.9595746435986158
7713664,u7986,8760558,5819,HAS_HOST_STAT,2,0.995,0.9849,0.88805,0.9799755
7729255,u18450,8760558,5819,HAS_HOST_STAT,1,0.99,0.9759,0.8863,0.966141
7713904,u8030,8760778,6103,HAS_HOST_STAT,1,0.39,0.8748,0.0464,0.34117200000000003
7703875,u3278,8760844,6180,HAS_HOST_STAT,2,0.425,0.97435,0.02445,0.41409875
7710320,u7106,8760896,6236,HAS_HOST_STAT,2,1.0,0.9806,0.7642,0.9806
8166437,u291146,8760896,6236,HAS_HOST_STAT,1,0.99,0.9835,0.5227,0.973665
7713664,u7986,8761158,6562,HAS_HOST_STAT,1,0.95,0.9881,0.3598,0.938695
8450617,u654834,8761217,6638,HAS_HOST_STAT,7,0.6085714285714287,0.9936142857142856,0.6819714285714286,0.6046852653061224
7715934,u9003,8761217,6638,HAS_HOST_STAT,1,0.41,0.9796,0.9035,0.401636
7729255,u18450,8761254,6683,HAS_HOST_STAT,1,1.0,0.9987,0.897,0.9987
8637669,u913280,8761254,6683,HAS_HOST_STAT,3,0.5666666666666667,0.9938666666666667,0.8221666666666667,0.5631911111111111
7744199,u24285,8761254,6683,HAS_HOST_STAT,5,0.982,0.99416,0.82112,0.97626512
8450617,u654834,8761437,6893,HAS_HOST_STAT,3,0.6,0.8855333333333333,0.04466666666666667,0.5313199999999999
7702085,u2562,8761437,6893,HAS_HOST_STAT,1,0.45,0.8782,0.0097,0.39519
7702942,u2833,8761437,6893,HAS_HOST_STAT,1,0.73,0.9204,0.0622,0.6718919999999999
7708808,u6152,8761437,6893,HAS_HOST_STAT,1,0.37,0.8112,0.0063,0.300144
7714985,u8555,8761470,6935,HAS_HOST_STAT,2,0.98,0.8888499999999999,0.49845000000000006,0.8710729999999999
7697506,u1631,8761470,6935,HAS_HOST_STAT,4,1.0,0.9237000000000001,0.5304,0.9237000000000001
7712590,u7529,8761470,6935,HAS_HOST_STAT,1,0.39,0.8742,0.433,0.340938
8064127,u217468,8761558,7041,HAS_HOST_STAT,16,0.9775,0.9459,0.10723125,0.92461725
8450617,u654834,8761558,7041,HAS_HOST_STAT,8,0.68,0.87235,0.14573750000000002,0.593198
7729255,u18450,8761558,7041,HAS_HOST_STAT,1,1.0,0.9706,0.1156,0.9706
7714985,u8555,8761558,7041,HAS_HOST_STAT,3,0.9833333333333333,0.9997666666666667,0.8028333333333334,0.9831038888888889
8450617,u654834,8761599,7088,HAS_HOST_STAT,26,0.6776923076923078,0.968276923076923,0.5776576923076924,0.6561938224852072
7706577,u4543,8761599,7088,HAS_HOST_STAT,1,0.44,0.9992,0.8227,0.439648
7706517,u4497,8761645,7147,HAS_HOST_STAT,1,0.36,0.9377,0.1244,0.337572
7702134,u2598,8761645,7147,HAS_HOST_STAT,5,1.0,0.92304,0.3763,0.92304
7713664,u7986,8761645,7147,HAS_HOST_STAT,12,0.9974999999999999,0.9971333333333333,0.8462083333333335,0.9946404999999999
8450617,u654834,8761645,7147,HAS_HOST_STAT,7,0.6128571428571428,0.9668428571428571,0.5757571428571429,0.592536551020408
7692712,u602,8761645,7147,HAS_HOST_STAT,1,0.43,0.9686,0.6625,0.416498
8549624,u814919,8761645,7147,HAS_HOST_STAT,4,0.99,0.8867999999999999,0.62425,0.8779319999999999
8449882,u653854,8761645,7147,HAS_HOST_STAT,3,0.3433333333333333,0.9899,0.8084,0.3398656666666667
7693113,u741,8761645,7147,HAS_HOST_STAT,8,0.9975,0.966475,0.7847375,0.9640588125
7697617,u1680,8761645,7147,HAS_HOST_STAT,1,1.0,0.9948,0.9249,0.9948
7712523,u7492,8761645,7147,HAS_HOST_STAT,1,0.69,0.9984,0.8264,0.688896
8096621,u240559,8761645,7147,HAS_HOST_STAT,1,0.77,0.94,0.7509,0.7238
7715198,u8613,8761645,7147,HAS_HOST_STAT,1,0.67,0.9615,0.8068,0.644205
7698370,u1958,8761645,7147,HAS_HOST_STAT,1,0.5,0.9983,0.1949,0.49915
7708698,u6048,8761645,7147,HAS_HOST_STAT,10,0.9959999999999999,0.9199199999999998,0.50987,0.9162403199999998
7963096,u151385,8761645,7147,HAS_HOST_STAT,5,0.996,0.99022,0.72344,0.9862591199999999
7704793,u3729,8761645,7147,HAS_HOST_STAT,1,0.43,0.8052,0.5345,0.346236
7729255,u18450,8761645,7147,HAS_HOST_STAT,1,0.99,0.9817,0.8682,0.971883
7703781,u3243,8761827,7399,HAS_HOST_STAT,1,0.44,0.9491,0.0849,0.41760400000000003
7713664,u7986,8761827,7399,HAS_HOST_STAT,2,1.0,0.9641,0.92005,0.9641
7729255,u18450,8761827,7399,HAS_HOST_STAT,6,0.995,0.9639000000000001,0.5319333333333334,0.9590805000000001
8678008,u978470,8761827,7399,HAS_HOST_STAT,5,0.842,0.99908,0.90072,0.8412253599999999
8406964,u583895,8761827,7399,HAS_HOST_STAT,1,0.75,0.9998,0.911,0.74985
7729255,u18450,8761918,7524,HAS_HOST_STAT,2,1.0,0.9863,0.7142,0.9863
7729255,u18450,8762248,7952,HAS_HOST_STAT,17,0.9829411764705882,0.989970588235294,0.8479588235294118,0.9730828546712802
7692881,u703,8762248,7952,HAS_HOST_STAT,29,0.9986206896551726,0.9071206896551723,0.17429655172413797,0.905869488703924
7713664,u7986,8762248,7952,HAS_HOST_STAT,8,0.9962500000000001,0.93715,0.31053749999999997,0.9336356875000001
7710320,u7106,8762248,7952,HAS_HOST_STAT,1,1.0,0.9936,0.6766,0.9936
7703875,u3278,8762248,7952,HAS_HOST_STAT,1,0.99,0.994,0.4955,0.9840599999999999
8450617,u654834,8762248,7952,HAS_HOST_STAT,4,0.71,0.9992,0.8237,0.709432
7695805,u1095,8762248,7952,HAS_HOST_STAT,2,0.995,0.999,0.7983,0.994005
7702942,u2833,8762248,7952,HAS_HOST_STAT,3,0.9266666666666666,0.9692,0.3709,0.8981253333333332
7729255,u18450,8762280,7995,HAS_HOST_STAT,1,1.0,0.9884,0.9108,0.9884
8744765,u1059371,8762280,7995,HAS_HOST_STAT,3,0.9966666666666667,0.9996333333333334,0.9386333333333333,0.9963012222222223
7791218,u48874,8762290,8006,HAS_HOST_STAT,1,0.56,0.9989,0.9633,0.5593840000000001
8064805,u217989,8762290,8006,HAS_HOST_STAT,4,0.71,0.9994000000000001,0.870825,0.709574
7696641,u1297,8762290,8006,HAS_HOST_STAT,2,0.475,0.9975,0.9321999999999999,0.4738125
7709078,u6359,8762290,8006,HAS_HOST_STAT,1,0.5,0.9992,0.8471,0.4996
7746810,u25022,8762290,8006,HAS_HOST_STAT,1,0.97,0.8586,0.4579,0.832842
8406038,u582294,8762383,8111,HAS_HOST_STAT,2,0.43,0.9898,0.6845,0.425614
7729255,u18450,8762383,8111,HAS_HOST_STAT,4,0.995,0.96635,0.6186750000000001,0.96151825
7696641,u1297,8762491,8252,HAS_HOST_STAT,2,0.5549999999999999,0.9949,0.7904,0.5521695
8182258,u303211,8762657,8459,HAS_HOST_STAT,1,0.97,0.9927,0.8915,0.962919
7743461,u23818,8762699,8509,HAS_HOST_STAT,1,0.41,0.9833,0.9314,0.403153
7725078,u16704,8762959,8826,HAS_HOST_STAT,21,1.0,0.9981047619047619,0.6505523809523811,0.9981047619047619
7729255,u18450,8762959,8826,HAS_HOST_STAT,10,0.9969999999999999,0.99484,0.75848,0.9918554799999998
7712523,u7492,8762959,8826,HAS_HOST_STAT,6,0.9966666666666667,0.9952666666666666,0.7165166666666667,0.9919491111111111
8585543,u856126,8762959,8826,HAS_HOST_STAT,3,0.57,0.8964,0.40513333333333335,0.510948
7725949,u17125,8762959,8826,HAS_HOST_STAT,1,1.0,0.9891,0.742,0.9891
7713664,u7986,8763051,8929,HAS_HOST_STAT,29,0.703793103448276,0.9894655172413793,0.4731172413793103,0.696379007134364
7696641,u1297,8763096,8976,HAS_HOST_STAT,5,0.6739999999999999,0.9673799999999999,0.7603,0.6520141199999999
7725078,u16704,8763096,8976,HAS_HOST_STAT,5,1.0,0.97478,0.6217199999999999,0.97478
7703875,u3278,8763096,8976,HAS_HOST_STAT,2,0.98,0.9771000000000001,0.77085,0.957558
7729255,u18450,8763096,8976,HAS_HOST_STAT,12,0.9966666666666667,0.9390833333333334,0.7044916666666667,0.9359530555555556
7718812,u11178,8763096,8976,HAS_HOST_STAT,1,1.0,0.975,0.609,0.975
7747083,u25198,8763096,8976,HAS_HOST_STAT,1,0.57,0.9716,0.4228,0.553812
7712523,u7492,8763096,8976,HAS_HOST_STAT,5,0.946,0.96578,0.7425,0.91362788
7713664,u7986,8763096,8976,HAS_HOST_STAT,3,0.9733333333333334,0.9744333333333334,0.7814666666666666,0.9484484444444445
8006374,u181959,8763096,8976,HAS_HOST_STAT,1,0.93,0.9706,0.4703,0.9026580000000001
7725078,u16704,8763217,9126,HAS_HOST_STAT,3,1.0,0.9969666666666667,0.6883,0.9969666666666667
7696641,u1297,8763217,9126,HAS_HOST_STAT,13,0.7023076923076923,0.9998153846153847,0.8825153846153846,0.7021780355029587
7713664,u7986,8763414,9362,HAS_HOST_STAT,2,0.9,0.93535,0.6817,0.841815
7729255,u18450,8763442,9392,HAS_HOST_STAT,1,1.0,0.9713,0.4997,0.9713
7696641,u1297,8763446,9397,HAS_HOST_STAT,4,0.7075,0.9682249999999999,0.5263,0.6850191874999999
7708808,u6152,8763446,9397,HAS_HOST_STAT,1,0.65,0.9066,0.3631,0.58929
7713664,u7986,8763446,9397,HAS_HOST_STAT,4,0.74,0.923825,0.375275,0.6836305
8696700,u997851,8763446,9397,HAS_HOST_STAT,1,0.83,0.9936,0.7887,0.824688
8637669,u913280,8763446,9397,HAS_HOST_STAT,2,0.485,0.99305,0.82145,0.48162925
8096988,u240772,8763487,9443,HAS_HOST_STAT,248,0.992782258064516,0.968178225806451,0.6378875000000002,0.9611901652250253
7709137,u6438,8763487,9443,HAS_HOST_STAT,7,0.8242857142857143,0.9935857142857143,0.7172571428571429,0.8189985102040817
7729255,u18450,8763487,9443,HAS_HOST_STAT,1289,0.9755624515128007,0.9425123351435231,0.6175085337470908,0.9194796442536698
7749345,u26426,8763487,9443,HAS_HOST_STAT,33,0.9930303030303029,0.962651515151515,0.5508454545454546,0.9559421258034893
7728067,u17854,8763487,9443,HAS_HOST_STAT,1,1.0,0.9936,0.7008,0.9936
7697617,u1680,8763487,9443,HAS_HOST_STAT,214,0.37742990654205605,0.9977163551401865,0.7945420560747661,0.3765679906760414
7713664,u7986,8763487,9443,HAS_HOST_STAT,852,0.9865962441314555,0.9526954225352113,0.5540438967136136,0.9399257256744695
7698370,u1958,8763487,9443,HAS_HOST_STAT,1,0.76,0.9774,0.5438,0.742824
7702489,u2740,8763487,9443,HAS_HOST_STAT,7,0.41,0.9963571428571428,0.7570571428571429,0.40850642857142855
7708808,u6152,8763487,9443,HAS_HOST_STAT,20,0.7210000000000001,0.98504,0.69322,0.7102138400000001
7702942,u2833,8763487,9443,HAS_HOST_STAT,8,0.98875,0.9703875,0.7177375,0.959470640625
7745425,u24454,8763487,9443,HAS_HOST_STAT,1,0.77,0.9985,0.7305,0.7688450000000001
7693113,u741,8763487,9443,HAS_HOST_STAT,32,0.93625,0.9336249999999999,0.4073812500000001,0.8741064062499999
7729343,u18463,8763487,9443,HAS_HOST_STAT,2,0.37,0.9269000000000001,0.80825,0.342953
7696998,u1513,8763487,9443,HAS_HOST_STAT,9,0.9733333333333333,0.9420333333333334,0.5888222222222222,0.9169124444444444
7714377,u8238,8763487,9443,HAS_HOST_STAT,59,0.9991525423728814,0.9101745762711865,0.47879830508474575,0.909403241884516
7882377,u99287,8763487,9443,HAS_HOST_STAT,1,0.7,0.9923,0.7856,0.69461
7710432,u7120,8763487,9443,HAS_HOST_STAT,2,1.0,0.9354,0.59,0.9354
7728942,u18285,8763487,9443,HAS_HOST_STAT,1,0.42,0.999,0.7909,0.41958
7695498,u1041,8763487,9443,HAS_HOST_STAT,121,0.9892561983471077,0.9931793388429753,0.8950760330578511,0.9825088170206956
7688419,u405,8763487,9443,HAS_HOST_STAT,7,0.9785714285714285,0.9705857142857143,0.6857857142857142,0.9497874489795918
8166437,u291146,8763487,9443,HAS_HOST_STAT,3,0.4033333333333333,0.9963666666666666,0.6781666666666666,0.40186788888888886
7725078,u16704,8763487,9443,HAS_HOST_STAT,18,0.9972222222222222,0.9645388888888891,0.6399999999999999,0.9618596141975311
7752969,u29609,8763487,9443,HAS_HOST_STAT,8,0.78,0.981425,0.6914875,0.7655115
7725156,u16775,8763487,9443,HAS_HOST_STAT,1,0.36,0.9851,0.7315,0.35463599999999995
7710320,u7106,8763487,9443,HAS_HOST_STAT,10,0.988,0.98217,0.63715,0.9703839599999999
7724613,u16477,8763487,9443,HAS_HOST_STAT,1,1.0,0.9972,0.751,0.9972
7695805,u1095,8763487,9443,HAS_HOST_STAT,34,0.9779411764705881,0.9758529411764706,0.6263823529411765,0.9543267733564013
7711350,u7256,8763487,9443,HAS_HOST_STAT,3,1.0,0.995,0.5450999999999999,0.995
7744199,u24285,8763487,9443,HAS_HOST_STAT,2,0.5249999999999999,0.99485,0.7546999999999999,0.5222962499999999
7700762,u2133,8763487,9443,HAS_HOST_STAT,3,0.6466666666666666,0.9968,0.6518666666666667,0.6445973333333332
7697506,u1631,8763487,9443,HAS_HOST_STAT,16,0.8743749999999999,0.9831062500000001,0.6887500000000002,0.85960352734375
7723908,u16025,8763487,9443,HAS_HOST_STAT,1,0.41,0.9949,0.7731,0.40790899999999997
7702441,u2716,8763487,9443,HAS_HOST_STAT,21,0.9061904761904761,0.9459095238095238,0.4224619047619048,0.8571742018140588
7703875,u3278,8763487,9443,HAS_HOST_STAT,16,0.998125,0.9773499999999999,0.50654375,0.97551746875
7834426,u71199,8763487,9443,HAS_HOST_STAT,1,1.0,0.8563,0.4432,0.8563
7703781,u3243,8763487,9443,HAS_HOST_STAT,6,0.8016666666666666,0.9889333333333333,0.37011666666666665,0.7927948888888888
7702085,u2562,8763487,9443,HAS_HOST_STAT,1,0.44,0.9985,0.7199,0.43934
7708882,u6173,8763487,9443,HAS_HOST_STAT,3,0.8099999999999999,0.9840666666666666,0.7414333333333334,0.797094
8643398,u921774,8763487,9443,HAS_HOST_STAT,2,0.53,0.99795,0.71295,0.5289135
8182258,u303211,8763487,9443,HAS_HOST_STAT,21,0.9895238095238095,0.9741571428571427,0.611995238095238,0.9639516870748297
7743256,u23650,8763487,9443,HAS_HOST_STAT,1,0.98,0.9995,0.7262,0.97951
8696700,u997851,8763487,9443,HAS_HOST_STAT,1,0.99,0.9816,0.5551,0.971784
7698127,u1831,8763487,9443,HAS_HOST_STAT,6,0.6983333333333334,0.9783833333333333,0.66835,0.6832376944444444
7714985,u8555,8763487,9443,HAS_HOST_STAT,14,0.917142857142857,0.9779357142857144,0.6665714285714287,0.8969067551020408
7687950,u258,8763487,9443,HAS_HOST_STAT,2,0.86,0.98075,0.6919500000000001,0.843445
7749040,u26157,8763487,9443,HAS_HOST_STAT,1,0.88,0.9793,0.6876,0.861784
7744193,u24280,8763487,9443,HAS_HOST_STAT,1,0.48,0.9991,0.8995,0.479568
7749576,u26638,8763487,9443,HAS_HOST_STAT,1,0.46,0.9989,0.7034,0.459494
7729555,u18583,8763487,9443,HAS_HOST_STAT,1,1.0,0.9984,0.7117,0.9984
7766399,u37868,8763487,9443,HAS_HOST_STAT,2,0.69,0.9707,0.50235,0.6697829999999999
7692881,u703,8763487,9443,HAS_HOST_STAT,26,0.9734615384615384,0.9657346153846154,0.6170923076923077,0.9401055044378697
7913996,u126467,8763487,9443,HAS_HOST_STAT,3,1.0,0.9466,0.5416333333333333,0.9466
8637669,u913280,8763487,9443,HAS_HOST_STAT,1,0.48,0.9357,0.5484,0.449136
7703823,u3250,8763487,9443,HAS_HOST_STAT,14,0.9364285714285714,0.9679857142857143,0.2904714285714286,0.9064494795918367
7752992,u29610,8763487,9443,HAS_HOST_STAT,18,0.8972222222222221,0.9761833333333334,0.35853333333333337,0.8758533796296296
8347699,u501325,8763487,9443,HAS_HOST_STAT,1,1.0,0.9649,0.3972,0.9649
8340636,u491643,8763487,9443,HAS_HOST_STAT,1,0.97,0.9819,0.6811,0.9524429999999999
8704956,u1010160,8763487,9443,HAS_HOST_STAT,2,1.0,0.9793,0.3633,0.9793
7709063,u6346,8763487,9443,HAS_HOST_STAT,17,1.0,0.9895705882352941,0.2615294117647059,0.9895705882352941
7763321,u36766,8763487,9443,HAS_HOST_STAT,1,1.0,0.9873,0.3389,0.9873
8549624,u814919,8763487,9443,HAS_HOST_STAT,1,1.0,0.9915,0.2485,0.9915
8434943,u628596,8763487,9443,HAS_HOST_STAT,1,0.92,0.9582,0.7614,0.8815440000000001
7713979,u8055,8763487,9443,HAS_HOST_STAT,1,1.0,0.9946,0.3535,0.9946
8156044,u283925,8763487,9443,HAS_HOST_STAT,1,0.54,0.999,0.9014,0.53946
7918233,u127846,8763487,9443,HAS_HOST_STAT,1,0.39,0.9995,0.903,0.389805
7708119,u5525,8763487,9443,HAS_HOST_STAT,1,0.52,0.9961,0.755,0.517972
7692207,u550,8763487,9443,HAS_HOST_STAT,6,0.9633333333333333,0.9962,0.7696833333333334,0.9596726666666666
7720969,u12737,8763487,9443,HAS_HOST_STAT,4,0.995,0.872,0.610225,0.86764
8321177,u464317,8763487,9443,HAS_HOST_STAT,1,0.84,0.8026,0.5058,0.674184
7742715,u23264,8763487,9443,HAS_HOST_STAT,1,0.98,0.8026,0.5058,0.7865479999999999
7712523,u7492,8763487,9443,HAS_HOST_STAT,2,0.935,0.8545,0.4053,0.7989575000000001
7963096,u151385,8763487,9443,HAS_HOST_STAT,10,1.0,0.9848999999999999,0.5227499999999999,0.9848999999999999
7704606,u3632,8763487,9443,HAS_HOST_STAT,1,0.5,0.9945,0.746,0.49725
7696641,u1297,8763487,9443,HAS_HOST_STAT,3,0.87,0.9167,0.4089,0.7975289999999999
7768822,u38509,8763487,9443,HAS_HOST_STAT,1,0.33,0.9927,0.6698,0.327591
7771720,u39811,8763487,9443,HAS_HOST_STAT,1,0.57,0.9961,0.7449,0.567777
8083098,u230586,8763487,9443,HAS_HOST_STAT,4,0.9575,0.9539500000000001,0.4657,0.9134071250000001
8450617,u654834,8763487,9443,HAS_HOST_STAT,1,0.51,0.9986,0.7219,0.509286
8523433,u781489,8763487,9443,HAS_HOST_STAT,1,1.0,0.9914,0.5676,0.9914
7729255,u18450,8763782,9787,HAS_HOST_STAT,27,0.998148148148148,0.9924296296296296,0.8508000000000001,0.9905917969821671
7725078,u16704,8763782,9787,HAS_HOST_STAT,3,1.0,0.9933666666666666,0.7385,0.9933666666666666
7702942,u2833,8763782,9787,HAS_HOST_STAT,24,0.9570833333333335,0.9123708333333334,0.23177916666666665,0.873214918402778
7692194,u548,8763925,9971,HAS_HOST_STAT,2,1.0,0.8904,0.6964,0.8904
7752992,u29610,8763925,9971,HAS_HOST_STAT,3,0.33666666666666667,0.9346666666666666,0.6430666666666667,0.3146711111111111
7713664,u7986,8763925,9971,HAS_HOST_STAT,1,0.9,0.9977,0.9023,0.89793
8182258,u303211,8763925,9971,HAS_HOST_STAT,3,0.9366666666666666,0.9386666666666666,0.6761666666666667,0.8792177777777778
8449882,u653854,8763929,9975,HAS_HOST_STAT,85,0.997294117647059,0.932067058823529,0.4159917647058822,0.9295449950173008
8340636,u491643,8763929,9975,HAS_HOST_STAT,2,0.97,0.97975,0.75475,0.9503575
7712590,u7529,8763929,9975,HAS_HOST_STAT,55,0.918,0.8998690909090912,0.3423745454545454,0.8260798254545457
7696641,u1297,8763929,9975,HAS_HOST_STAT,15,0.724,0.95254,0.5984266666666667,0.68963896
8637669,u913280,8763929,9975,HAS_HOST_STAT,5,0.458,0.9049,0.30816000000000004,0.41444420000000004
7713664,u7986,8763929,9975,HAS_HOST_STAT,4,1.0,0.9908750000000001,0.830625,0.9908750000000001
8182258,u303211,8763929,9975,HAS_HOST_STAT,1,0.98,0.8621,0.5615,0.844858
7729255,u18450,8763941,9989,HAS_HOST_STAT,241,0.9914107883817429,0.9809721991701238,0.7753701244813278,0.9725464213598245
7714661,u8408,8763941,9989,HAS_HOST_STAT,1,0.36,0.9985,0.7578,0.35946
7710320,u7106,8763941,9989,HAS_HOST_STAT,13,0.9876923076923078,0.9795692307692306,0.6213076923076922,0.9675129940828402
7696641,u1297,8763941,9989,HAS_HOST_STAT,50,0.4426000000000001,0.9852540000000002,0.7866679999999998,0.4360734204000002
7744199,u24285,8763941,9989,HAS_HOST_STAT,2,0.51,0.9837,0.6959500000000001,0.501687
7713664,u7986,8763941,9989,HAS_HOST_STAT,487,0.9817864476386037,0.9629137577002057,0.660887679671458,0.9453756775548241
7714377,u8238,8763941,9989,HAS_HOST_STAT,66,0.997878787878788,0.9781878787878787,0.6087348484848485,0.9761129348025712
8096988,u240772,8763941,9989,HAS_HOST_STAT,92,0.9985869565217392,0.9723423913043479,0.6016032608695651,0.9709684292296787
7703875,u3278,8763941,9989,HAS_HOST_STAT,15,0.9613333333333335,0.9318133333333333,0.42922000000000005,0.8957832177777778
7714985,u8555,8763941,9989,HAS_HOST_STAT,5,0.9440000000000001,0.99376,0.8373,0.9381094400000001
7702942,u2833,8763941,9989,HAS_HOST_STAT,11,0.9227272727272727,0.9688727272727273,0.8179181818181819,0.8940052892561984
7692881,u703,8763941,9989,HAS_HOST_STAT,22,0.8586363636363638,0.9571545454545455,0.7588772727272728,0.8218476983471076
8696700,u997851,8763941,9989,HAS_HOST_STAT,2,1.0,0.99905,0.8569500000000001,0.99905
7695805,u1095,8763941,9989,HAS_HOST_STAT,5,0.85,0.94324,0.5616,0.801754
7710432,u7120,8763941,9989,HAS_HOST_STAT,1,1.0,0.9809,0.5413,0.9809
7704271,u3548,8763941,9989,HAS_HOST_STAT,1,1.0,0.9378,0.7858,0.9378
7688419,u405,8763941,9989,HAS_HOST_STAT,9,0.4011111111111111,0.9475,0.7035333333333333,0.38005277777777774
7693113,u741,8763941,9989,HAS_HOST_STAT,40,0.9762500000000001,0.9036199999999999,0.2978050000000001,0.8821590249999999
7704793,u3729,8763941,9989,HAS_HOST_STAT,15,0.9966666666666668,0.9875066666666666,0.7113933333333334,0.9842149777777779
8488682,u733204,8763941,9989,HAS_HOST_STAT,102,0.8446078431372549,0.9845039215686274,0.6070617647058826,0.8315197337562475
8581564,u851981,8763941,9989,HAS_HOST_STAT,1,0.34,0.9926,0.8005,0.33748400000000006
7949780,u142278,8763941,9989,HAS_HOST_STAT,1,0.46,0.9959,0.7837,0.458114
7708808,u6152,8763941,9989,HAS_HOST_STAT,2,0.685,0.9713,0.5779,0.6653405000000001
8064805,u217989,8763941,9989,HAS_HOST_STAT,1,1.0,0.9718,0.8578,0.9718
7703781,u3243,8763941,9989,HAS_HOST_STAT,1,0.5,0.9815,0.8649,0.49075
7725078,u16704,8763941,9989,HAS_HOST_STAT,22,0.9477272727272728,0.9594772727272727,0.5773000000000001,0.9093227789256199
7696998,u1513,8763941,9989,HAS_HOST_STAT,1,1.0,0.9911,0.7301,0.9911
8182258,u303211,8763941,9989,HAS_HOST_STAT,2,1.0,0.9531499999999999,0.5361,0.9531499999999999
8553916,u820616,8763941,9989,HAS_HOST_STAT,1,1.0,0.8109,0.114,0.8109
8099873,u242765,8763941,9989,HAS_HOST_STAT,1,1.0,0.8981,0.1757,0.8981
8340636,u491643,8763941,9989,HAS_HOST_STAT,1,0.98,0.9393,0.2063,0.920514
7698127,u1831,8763941,9989,HAS_HOST_STAT,2,0.42500000000000004,0.99595,0.7314499999999999,0.42327875000000004
8450617,u654834,8763941,9989,HAS_HOST_STAT,1,0.51,0.9395,0.8033,0.479145
7706517,u4497,8763941,9989,HAS_HOST_STAT,1,0.41,0.9676,0.3389,0.39671599999999996
7698370,u1958,8763941,9989,HAS_HOST_STAT,1,1.0,0.9904,0.6815,0.9904
7709063,u6346,8763941,9989,HAS_HOST_STAT,1,1.0,0.8521,0.1644,0.8521
7882377,u99287,8763941,9989,HAS_HOST_STAT,2,0.455,0.98655,0.72965,0.44888025000000004
8083098,u230586,8763941,9989,HAS_HOST_STAT,4,0.895,0.97115,0.2596,0.86917925
7687472,u128,8763941,9989,HAS_HOST_STAT,2,0.995,0.9879,0.8376,0.9829605
7752992,u29610,8763941,9989,HAS_HOST_STAT,5,0.996,0.99364,0.47404,0.98966544
7703823,u3250,8763941,9989,HAS_HOST_STAT,1,0.29,0.9941,0.6863,0.28828899999999996
7709449,u6622,8763941,9989,HAS_HOST_STAT,2,0.965,0.98595,0.67075,0.95144175
8637669,u913280,8763941,9989,HAS_HOST_STAT,1,0.52,0.9896,0.6965,0.514592
7729555,u18583,8763941,9989,HAS_HOST_STAT,1,0.41,0.9925,0.8855,0.406925
7983609,u166714,8763941,9989,HAS_HOST_STAT,1,0.38,0.9949,0.4981,0.378062
7722954,u15152,8763941,9989,HAS_HOST_STAT,1,1.0,0.8168,0.2745,0.8168
7874524,u94624,8763941,9989,HAS_HOST_STAT,1,1.0,0.8168,0.2745,0.8168
8321177,u464317,8763941,9989,HAS_HOST_STAT,2,0.64,0.8168,0.2745,0.522752
8432642,u626280,8763941,9989,HAS_HOST_STAT,2,1.0,0.948,0.39755,0.948
7702134,u2598,8763941,9989,HAS_HOST_STAT,6,1.0,0.9962,0.8957333333333333,0.9962
7697617,u1680,8763941,9989,HAS_HOST_STAT,1,1.0,0.9963,0.8518,0.9963
7918233,u127846,8763941,9989,HAS_HOST_STAT,1,0.27,0.9919,0.8004,0.267813
7702441,u2716,8764832,11157,HAS_HOST_STAT,4,0.855,0.9029,0.7305,0.7719795
7692881,u703,8764832,11157,HAS_HOST_STAT,5,0.874,0.8615,0.6311,0.752951
7729255,u18450,8764832,11157,HAS_HOST_STAT,1,1.0,0.8615,0.8272,0.8615
8450617,u654834,8764832,11157,HAS_HOST_STAT,1,0.5,0.8615,0.8272,0.43075
7742715,u23264,8768230,28738,HAS_HOST_STAT,1,0.42,0.933,0.1201,0.39186
7713664,u7986,8769916,31022,HAS_HOST_STAT,1,0.52,0.9992,0.9354,0.519584
7696641,u1297,8769916,31022,HAS_HOST_STAT,1,0.54,0.9991,0.9283,0.539514
7713664,u7986,8770057,31277,HAS_HOST_STAT,1,0.71,0.998,0.763,0.70858
7696641,u1297,8771537,33554,HAS_HOST_STAT,1,0.84,0.9988,0.828,0.838992
7709449,u6622,8771537,33554,HAS_HOST_STAT,3,0.49,0.9921,0.7590333333333333,0.486129
8096988,u240772,8771537,33554,HAS_HOST_STAT,1,0.41,0.8382,0.3048,0.34366199999999997
8182258,u303211,8771537,33554,HAS_HOST_STAT,11,0.97,0.9133727272727271,0.5435181818181818,0.8859715454545453
8225203,u351616,8771537,33554,HAS_HOST_STAT,1,0.59,0.9573,0.1595,0.564807
7713664,u7986,8771537,33554,HAS_HOST_STAT,5,0.7479999999999999,0.92526,0.5754199999999999,0.6920944799999998
7702882,u2793,8771537,33554,HAS_HOST_STAT,1,0.72,0.9636,0.2765,0.693792
7692881,u703,8771537,33554,HAS_HOST_STAT,6,1.0,0.8876999999999999,0.15255000000000002,0.8876999999999999
7695805,u1095,8771537,33554,HAS_HOST_STAT,1,0.38,0.9262,0.061,0.351956
7714661,u8408,8771537,33554,HAS_HOST_STAT,1,0.68,0.8446,0.4769,0.5743280000000001
7768822,u38509,8771537,33554,HAS_HOST_STAT,1,0.44,0.9795,0.9052,0.43098000000000003
7706577,u4543,8771537,33554,HAS_HOST_STAT,7,0.97,0.9491285714285714,0.6513285714285714,0.9206547142857142
8182258,u303211,8774096,36750,HAS_HOST_STAT,2,0.975,0.9919,0.8492999999999999,0.9671025
7702942,u2833,8775680,38605,HAS_HOST_STAT,1,0.41,0.9585,0.8301,0.392985
7714985,u8555,8775817,38748,HAS_HOST_STAT,4,1.0,0.99575,0.967475,0.99575
7729255,u18450,8775876,38820,HAS_HOST_STAT,46,0.9910869565217391,0.986491304347826,0.7061956521739132,0.9776986644612474
7697506,u1631,8775876,38820,HAS_HOST_STAT,1,0.9,0.9859,0.7969,0.88731
7697617,u1680,8775876,38820,HAS_HOST_STAT,3,0.7433333333333334,0.9938666666666667,0.8879,0.7387742222222223
7693578,u824,8775876,38820,HAS_HOST_STAT,1,0.48,0.9933,0.8329,0.476784
7695805,u1095,8775876,38820,HAS_HOST_STAT,3,0.33,0.9823666666666666,0.9045,0.324181
7688419,u405,8775876,38820,HAS_HOST_STAT,22,0.9295454545454546,0.9880136363636363,0.5800772727272727,0.9184035847107437
8156044,u283925,8775876,38820,HAS_HOST_STAT,3,0.5,0.9067,0.5420666666666666,0.45335
7715934,u9003,8775876,38820,HAS_HOST_STAT,2,0.59,0.981,0.8385,0.5787899999999999
7692712,u602,8775876,38820,HAS_HOST_STAT,1,0.39,0.9643,0.1883,0.37607700000000005
7819027,u63187,8775876,38820,HAS_HOST_STAT,1,0.27,0.9999,0.8849,0.269973
7693712,u943,8775876,38820,HAS_HOST_STAT,2,0.395,0.8996,0.13685,0.355342
7725078,u16704,8775876,38820,HAS_HOST_STAT,2,1.0,0.9943,0.81345,0.9943
7744199,u24285,8775876,38820,HAS_HOST_STAT,1,0.5,0.9905,0.8358,0.49525
7708698,u6048,8775876,38820,HAS_HOST_STAT,1,1.0,0.9871,0.8437,0.9871
7693113,u741,8775876,38820,HAS_HOST_STAT,1,1.0,0.9515,0.4442,0.9515
7713664,u7986,8775876,38820,HAS_HOST_STAT,5,0.592,0.9290200000000001,0.3452,0.54997984
8149435,u278844,8775876,38820,HAS_HOST_STAT,3,0.9966666666666667,0.9897333333333334,0.7196333333333333,0.9864342222222223
7725949,u17125,8775876,38820,HAS_HOST_STAT,1,0.36,0.971,0.2192,0.34956
8182258,u303211,8775876,38820,HAS_HOST_STAT,1,1.0,0.9901,0.6546,0.9901
7702942,u2833,8775876,38820,HAS_HOST_STAT,1,1.0,0.9972,0.9206,0.9972
7692881,u703,8775876,38820,HAS_HOST_STAT,1,0.39,0.9674,0.5751,0.377286
7702134,u2598,8775876,38820,HAS_HOST_STAT,1,1.0,0.8726,0.4927,0.8726
7741391,u22583,8777348,40551,HAS_HOST_STAT,30,0.3633333333333333,0.9886766666666668,0.6528800000000001,0.3592191888888889
7729255,u18450,8777909,41166,HAS_HOST_STAT,5,1.0,0.9933,0.93294,0.9933
7729255,u18450,8778578,41937,HAS_HOST_STAT,7,0.9942857142857142,0.9935285714285714,0.8991428571428571,0.9878512653061223
7706870,u4842,8778578,41937,HAS_HOST_STAT,1,0.74,0.9984,0.8522,0.7388159999999999
7729255,u18450,8778579,41938,HAS_HOST_STAT,2,1.0,0.99495,0.891,0.99495
7711350,u7256,8778579,41938,HAS_HOST_STAT,3,1.0,0.9984666666666667,0.9582,0.9984666666666667
7713664,u7986,8778579,41938,HAS_HOST_STAT,2,0.81,0.9924999999999999,0.9137,0.803925
7702489,u2740,8778579,41938,HAS_HOST_STAT,1,0.45,0.8674,0.1807,0.39033
7713664,u7986,8778581,41944,HAS_HOST_STAT,1,0.72,0.8143,0.308,0.586296
7706870,u4842,8778582,41945,HAS_HOST_STAT,18,0.4244444444444444,0.9899777777777777,0.7802333333333332,0.4201905679012345
7709078,u6359,8803538,71239,HAS_HOST_STAT,4,0.43,0.995575,0.487475,0.42809725
7725156,u16775,8803538,71239,HAS_HOST_STAT,1,1.0,0.9418,0.217,0.9418
7729255,u18450,8804246,72025,HAS_HOST_STAT,16,0.9981249999999999,0.9978687500000001,0.8805749999999999,0.99599774609375
8118451,u255311,8804246,72025,HAS_HOST_STAT,1,0.79,0.8295,0.0,0.655305
7702072,u2539,8804246,72025,HAS_HOST_STAT,1,0.32,0.8784,0.1256,0.281088
7697617,u1680,8804246,72025,HAS_HOST_STAT,1,1.0,0.994,0.9297,0.994
7713664,u7986,8804246,72025,HAS_HOST_STAT,3,0.9966666666666667,0.9314666666666667,0.8535333333333334,0.9283617777777778
7698370,u1958,8804246,72025,HAS_HOST_STAT,1,0.59,0.9464,0.2388,0.558376
7702134,u2598,8804246,72025,HAS_HOST_STAT,6,1.0,0.9705333333333334,0.5164666666666667,0.9705333333333334
7692712,u602,8804246,72025,HAS_HOST_STAT,1,0.39,0.973,0.7746,0.37947000000000003
7710320,u7106,8804246,72025,HAS_HOST_STAT,2,0.995,0.85405,0.5867,0.84977975
7693288,u754,8804246,72025,HAS_HOST_STAT,1,0.44,0.998,0.4854,0.43912
7695805,u1095,8804468,72274,HAS_HOST_STAT,4,0.8725,0.922525,0.704425,0.8049030625000001
8450617,u654834,8804468,72274,HAS_HOST_STAT,1,0.5,0.8815,0.6307,0.44075
7698370,u1958,8804468,72274,HAS_HOST_STAT,2,0.8,0.82525,0.2628,0.6602000000000001
7713664,u7986,8804468,72274,HAS_HOST_STAT,19,0.99,0.8628105263157895,0.38701052631578947,0.8541824210526315
7731020,u19204,8804468,72274,HAS_HOST_STAT,1,1.0,0.8424,0.4974,0.8424
7714985,u8555,8804468,72274,HAS_HOST_STAT,10,0.9839999999999999,0.9543499999999999,0.28419,0.9390803999999998
7729255,u18450,8804468,72274,HAS_HOST_STAT,1,1.0,0.9432,0.1066,0.9432
8686321,u987572,8804468,72274,HAS_HOST_STAT,1,0.95,0.8104,0.5348,0.76988
8340636,u491643,8804468,72274,HAS_HOST_STAT,1,1.0,0.8104,0.5348,0.8104
7743586,u23964,8804468,72274,HAS_HOST_STAT,2,1.0,0.8104,0.5348,0.8104
7702489,u2740,8804468,72274,HAS_HOST_STAT,2,0.31,0.90835,0.45985,0.2815885
7692712,u602,8804468,72274,HAS_HOST_STAT,1,0.38,0.8273,0.026,0.31437400000000004
7729255,u18450,8805581,73496,HAS_HOST_STAT,2,1.0,0.8743000000000001,0.19579999999999997,0.8743000000000001
7714377,u8238,8807528,75739,HAS_HOST_STAT,2,1.0,0.99285,0.821,0.99285
7729255,u18450,8807528,75739,HAS_HOST_STAT,1,1.0,0.9395,0.7681,0.9395
7713664,u7986,8808502,76804,HAS_HOST_STAT,26023,0.9842316412404438,0.9865032317565238,0.875832824808832,0.9709476948807253
7725795,u17071,8808502,76804,HAS_HOST_STAT,1,0.9,0.9595,0.8742,0.86355
7713664,u7986,8812122,80840,HAS_HOST_STAT,18,0.9483333333333334,0.8775444444444445,0.4193166666666666,0.8322046481481482
7695805,u1095,8812122,80840,HAS_HOST_STAT,16,0.9849999999999999,0.88274375,0.44297500000000006,0.8695025937499999
7752992,u29610,8812122,80840,HAS_HOST_STAT,10,0.9540000000000001,0.88675,0.42873999999999995,0.8459595000000001
7702441,u2716,8812122,80840,HAS_HOST_STAT,3,0.91,0.9262,0.4599666666666667,0.8428420000000001
7913996,u126467,8812122,80840,HAS_HOST_STAT,6,1.0,0.9121166666666667,0.4624166666666667,0.9121166666666667
7763321,u36766,8812122,80840,HAS_HOST_STAT,1,0.69,0.8122,0.4103,0.560418
7703823,u3250,8812122,80840,HAS_HOST_STAT,2,0.9199999999999999,0.91325,0.4326,0.84019
7711350,u7256,8812122,80840,HAS_HOST_STAT,1,1.0,0.8867,0.4424,0.8867
7698127,u1831,8812122,80840,HAS_HOST_STAT,2,1.0,0.8425,0.415,0.8425
7687472,u128,8812122,80840,HAS_HOST_STAT,1,1.0,0.8717,0.5574,0.8717
8110413,u250044,8814080,83136,HAS_HOST_STAT,2,1.0,0.86145,0.0008500000000000001,0.86145
7714377,u8238,8814080,83136,HAS_HOST_STAT,1,1.0,0.997,0.8442,0.997
7713664,u7986,8815773,85007,HAS_HOST_STAT,4,0.7775,0.969625,0.861875,0.7538834375
7729255,u18450,8815773,85007,HAS_HOST_STAT,4,1.0,0.9850000000000001,0.815,0.9850000000000001
7729255,u18450,8816488,85823,HAS_HOST_STAT,1,1.0,0.892,0.0232,0.892
7713664,u7986,8821359,91347,HAS_HOST_STAT,19,0.8889473684210527,0.9040368421052631,0.2776368421052631,0.8036411717451524
7695337,u994,8821359,91347,HAS_HOST_STAT,1,1.0,0.8024,0.2899,0.8024
7702134,u2598,8821359,91347,HAS_HOST_STAT,1,1.0,0.8064,0.0219,0.8064
7729255,u18450,8821359,91347,HAS_HOST_STAT,7,1.0,0.8536857142857143,0.11771428571428573,0.8536857142857143
7744199,u24285,8821359,91347,HAS_HOST_STAT,1,0.58,0.8328,0.0029,0.48302399999999995
7702942,u2833,8821359,91347,HAS_HOST_STAT,3,0.8866666666666667,0.8059,0.2134,0.7145646666666666
7729255,u18450,8821550,91561,HAS_HOST_STAT,31,0.997096774193548,0.9783064516129032,0.7539032258064516,0.9754662070759622
7714661,u8408,8821550,91561,HAS_HOST_STAT,2,0.99,0.9923,0.7369,0.982377
7713664,u7986,8821550,91561,HAS_HOST_STAT,102,0.9408823529411763,0.9648333333333333,0.7180833333333333,0.9077946568627449
8225203,u351616,8821550,91561,HAS_HOST_STAT,11,0.55,0.9067454545454546,0.6163727272727272,0.4987100000000001
8182258,u303211,8821550,91561,HAS_HOST_STAT,39,0.9825641025641025,0.9816871794871793,0.7620307692307693,0.9645705825115054
8686321,u987572,8821550,91561,HAS_HOST_STAT,1,0.41,0.8097,0.1957,0.33197699999999997
7725949,u17125,8821550,91561,HAS_HOST_STAT,36,0.9852777777777779,0.9602166666666665,0.6790972222222222,0.9460801435185184
7698370,u1958,8821550,91561,HAS_HOST_STAT,21,0.9938095238095238,0.9855714285714285,0.6882333333333334,0.9794702721088435
7708808,u6152,8821550,91561,HAS_HOST_STAT,22,0.9922727272727273,0.9888909090909092,0.7423181818181817,0.9812494793388431
7744199,u24285,8821550,91561,HAS_HOST_STAT,52,0.9986538461538463,0.9422596153846154,0.6162769230769229,0.9409911889792901
7728067,u17854,8821550,91561,HAS_HOST_STAT,10,1.0,0.9931300000000001,0.7186199999999999,0.9931300000000001
7704606,u3632,8821550,91561,HAS_HOST_STAT,12,1.0,0.9942416666666667,0.771425,0.9942416666666667
8064805,u217989,8821550,91561,HAS_HOST_STAT,5,0.998,0.96624,0.6806800000000001,0.96430752
7697617,u1680,8821550,91561,HAS_HOST_STAT,24,0.9941666666666668,0.9627291666666667,0.7237833333333336,0.957113246527778
7692194,u548,8821550,91561,HAS_HOST_STAT,1,0.39,0.9954,0.6594,0.388206
7709208,u6497,8821550,91561,HAS_HOST_STAT,3,0.9866666666666667,0.9912000000000001,0.7553333333333333,0.9779840000000001
8637669,u913280,8821550,91561,HAS_HOST_STAT,7,0.6328571428571429,0.9578571428571429,0.7635857142857144,0.6061867346938776
8096988,u240772,8821550,91561,HAS_HOST_STAT,2,0.395,0.97865,0.71455,0.38656675
7713904,u8030,8821550,91561,HAS_HOST_STAT,3,0.99,0.9814666666666667,0.7929,0.9716520000000001
7720436,u12233,8821550,91561,HAS_HOST_STAT,3,1.0,0.9722333333333334,0.5831333333333334,0.9722333333333334
7766399,u37868,8821550,91561,HAS_HOST_STAT,9,0.9888888888888889,0.9771777777777778,0.7442888888888889,0.9663202469135803
7706577,u4543,8821550,91561,HAS_HOST_STAT,7,1.0,0.9848857142857143,0.7472428571428572,0.9848857142857143
7713488,u7892,8821550,91561,HAS_HOST_STAT,1,1.0,0.9609,0.7508,0.9609
7702882,u2793,8821550,91561,HAS_HOST_STAT,6,0.94,0.9695666666666667,0.7904166666666667,0.9113926666666666
7693113,u741,8821550,91561,HAS_HOST_STAT,6,0.9033333333333333,0.9003500000000001,0.698,0.8133161666666667
7714985,u8555,8821550,91561,HAS_HOST_STAT,3,1.0,0.9681666666666666,0.6794,0.9681666666666666
8640515,u916935,8821550,91561,HAS_HOST_STAT,2,1.0,0.9975499999999999,0.6624,0.9975499999999999
7696641,u1297,8821550,91561,HAS_HOST_STAT,3,0.7100000000000001,0.9850666666666666,0.5658,0.6993973333333334
7724613,u16477,8821550,91561,HAS_HOST_STAT,5,0.994,0.97518,0.7091,0.96932892
7693578,u824,8821550,91561,HAS_HOST_STAT,2,0.46499999999999997,0.9885,0.7846,0.45965249999999996
7695337,u994,8821550,91561,HAS_HOST_STAT,9,0.9377777777777777,0.9828666666666667,0.3246777777777778,0.9217105185185185
7767501,u38034,8821550,91561,HAS_HOST_STAT,1,0.35,0.9432,0.5309,0.33011999999999997
7715198,u8613,8821550,91561,HAS_HOST_STAT,1,0.46,0.9496,0.4431,0.43681600000000004
8614014,u885735,8821550,91561,HAS_HOST_STAT,3,0.9866666666666667,0.9335333333333333,0.5692999999999999,0.9210862222222223
7741706,u22735,8821550,91561,HAS_HOST_STAT,5,0.99,0.9899,0.75586,0.980001
7771720,u39811,8821550,91561,HAS_HOST_STAT,2,0.7849999999999999,0.977,0.5138499999999999,0.7669449999999999
7698127,u1831,8821550,91561,HAS_HOST_STAT,1,1.0,0.9854,0.6346,0.9854
7735217,u19952,8821550,91561,HAS_HOST_STAT,4,0.975,0.876875,0.5982000000000001,0.854953125
7703546,u3171,8821550,91561,HAS_HOST_STAT,5,1.0,0.98792,0.77162,0.98792
7731020,u19204,8821550,91561,HAS_HOST_STAT,4,1.0,0.9658249999999999,0.5874,0.9658249999999999
8434943,u628596,8821550,91561,HAS_HOST_STAT,2,1.0,0.9762500000000001,0.5161,0.9762500000000001
7743256,u23650,8821550,91561,HAS_HOST_STAT,6,1.0,0.9415833333333333,0.7880666666666667,0.9415833333333333
7742319,u23058,8821550,91561,HAS_HOST_STAT,1,0.39,0.9375,0.2532,0.36562500000000003
7703875,u3278,8821550,91561,HAS_HOST_STAT,6,0.995,0.973,0.8775,0.968135
7712523,u7492,8821550,91561,HAS_HOST_STAT,2,1.0,0.9823,0.8471500000000001,0.9823
8549624,u814919,8821550,91561,HAS_HOST_STAT,3,0.38,0.9867333333333334,0.4023,0.37495866666666666
7743870,u24052,8821550,91561,HAS_HOST_STAT,1,0.37,0.9878,0.4697,0.365486
7718083,u10830,8821550,91561,HAS_HOST_STAT,1,0.6,0.8564,0.7554,0.51384
7703781,u3243,8821550,91561,HAS_HOST_STAT,1,0.33,0.9853,0.3709,0.325149
8182258,u303211,8824373,94695,HAS_HOST_STAT,1,1.0,0.9986,0.9572,0.9986
7729255,u18450,8834326,106218,HAS_HOST_STAT,1,1.0,0.9952,0.8727,0.9952
8614014,u885735,8854850,129912,HAS_HOST_STAT,1,0.66,0.998,0.5668,0.65868
7713664,u7986,8854850,129912,HAS_HOST_STAT,2,0.575,0.8142,0.052199999999999996,0.468165
7729255,u18450,8854850,129912,HAS_HOST_STAT,2,1.0,0.9963,0.6803,0.9963
7713664,u7986,8859896,135614,HAS_HOST_STAT,1,1.0,1.0,0.2157,1.0
7729255,u18450,8859905,135623,HAS_HOST_STAT,1,1.0,0.9964,0.9804,0.9964
7714985,u8555,8859905,135623,HAS_HOST_STAT,1,0.78,0.9984,0.8636,0.778752
7713664,u7986,8859906,135624,HAS_HOST_STAT,3,0.74,0.9968,0.0512,0.737632
8449882,u653854,8859907,135625,HAS_HOST_STAT,3,0.99,0.8144,0.4305,0.806256
7696641,u1297,8859907,135625,HAS_HOST_STAT,1,0.76,0.8144,0.4305,0.618944
8182258,u303211,8891608,171549,HAS_HOST_STAT,2,0.99,0.94885,0.7705500000000001,0.9393615
8096988,u240772,8891608,171549,HAS_HOST_STAT,1,0.49,0.8274,0.6794,0.405426
8581564,u851981,8891608,171549,HAS_HOST_STAT,1,0.4,0.85,0.5947,0.34
7713664,u7986,8891608,171549,HAS_HOST_STAT,11,0.8936363636363637,0.9100181818181818,0.29310909090909093,0.8132253388429752
8099873,u242765,8891608,171549,HAS_HOST_STAT,1,0.81,0.8526,0.6306,0.690606
7907742,u123944,8891608,171549,HAS_HOST_STAT,1,0.67,0.8526,0.6306,0.571242
8321177,u464317,8891608,171549,HAS_HOST_STAT,1,0.93,0.858,0.1848,0.79794
7728942,u18285,8891608,171549,HAS_HOST_STAT,1,0.42,0.8112,0.3667,0.340704
7913996,u126467,8891608,171549,HAS_HOST_STAT,1,0.96,0.8302,0.3155,0.796992
7729255,u18450,8891608,171549,HAS_HOST_STAT,4,1.0,0.880775,0.80975,0.880775
8434943,u628596,8891608,171549,HAS_HOST_STAT,1,0.4,0.8694,0.8277,0.34776
7702942,u2833,8891608,171549,HAS_HOST_STAT,1,1.0,0.8702,0.281,0.8702
7713664,u7986,8905531,186802,HAS_HOST_STAT,9,0.8755555555555555,0.8851,0.5031777777777778,0.7749542222222222
8438285,u632416,8905531,186802,HAS_HOST_STAT,3,0.9533333333333333,0.8990333333333334,0.4866,0.8570784444444444
7913996,u126467,8905531,186802,HAS_HOST_STAT,1,1.0,0.8621,0.6301,0.8621
8011173,u184946,8905531,186802,HAS_HOST_STAT,1,0.49,0.8897,0.3017,0.43595300000000003
7979568,u163316,8905531,186802,HAS_HOST_STAT,6,0.9816666666666667,0.9030999999999999,0.5859333333333333,0.8865431666666665
7698127,u1831,8905531,186802,HAS_HOST_STAT,1,1.0,0.8502,0.5604,0.8502
8321177,u464317,8905531,186802,HAS_HOST_STAT,10,0.7080000000000001,0.9193600000000001,0.58635,0.6509068800000001
7834426,u71199,8905531,186802,HAS_HOST_STAT,2,1.0,0.92175,0.738,0.92175
7711350,u7256,8905531,186802,HAS_HOST_STAT,5,1.0,0.89068,0.4994199999999999,0.89068
8686321,u987572,8905531,186802,HAS_HOST_STAT,3,0.8233333333333333,0.8705666666666666,0.46973333333333334,0.7167665555555555
8182258,u303211,8905531,186802,HAS_HOST_STAT,1,0.78,0.98,0.3707,0.7644
7696641,u1297,8905531,186802,HAS_HOST_STAT,2,0.875,0.9575499999999999,0.4264,0.83785625
8064924,u218034,8905531,186802,HAS_HOST_STAT,1,1.0,0.8121,0.3705,0.8121
7696641,u1297,8905550,186826,HAS_HOST_STAT,3,0.91,0.8595333333333334,0.35606666666666664,0.7821753333333334
7744199,u24285,8905550,186826,HAS_HOST_STAT,1,0.36,0.8435,0.6612,0.30366
7725156,u16775,8905550,186826,HAS_HOST_STAT,1,0.89,0.9998,0.2409,0.889822
7695337,u994,8905550,186826,HAS_HOST_STAT,1,0.59,0.8047,0.0889,0.47477299999999995
8450617,u654834,8905550,186826,HAS_HOST_STAT,1,0.58,0.924,0.73,0.53592
7706577,u4543,8905550,186826,HAS_HOST_STAT,1,1.0,0.924,0.73,0.924
7693578,u824,8905550,186826,HAS_HOST_STAT,1,0.42,0.924,0.73,0.38808
7713664,u7986,8905550,186826,HAS_HOST_STAT,12,0.9233333333333333,0.9633333333333334,0.7550999999999999,0.8894777777777778
7702441,u2716,8905550,186826,HAS_HOST_STAT,2,1.0,0.885,0.1242,0.885
7713664,u7986,8907919,189479,HAS_HOST_STAT,1,0.77,0.9563,0.4642,0.7363510000000001
7729255,u18450,8907919,189479,HAS_HOST_STAT,2,1.0,0.9558500000000001,0.83795,0.9558500000000001
7713664,u7986,8920499,203491,HAS_HOST_STAT,2,0.6950000000000001,0.841,0.4121,0.584495
7713664,u7986,8923155,206351,HAS_HOST_STAT,1,0.99,0.9883,0.8408,0.978417
7713664,u7986,8929917,213849,HAS_HOST_STAT,1,1.0,0.8965,0.6012,0.8965
7729255,u18450,8946366,232378,HAS_HOST_STAT,2,0.995,0.99815,0.89465,0.9931592499999999
8166437,u291146,9095232,403667,HAS_HOST_STAT,1,0.56,0.9158,0.1742,0.512848
7713664,u7986,9095232,403667,HAS_HOST_STAT,1,1.0,0.9633,0.8482,0.9633
8434943,u628596,9149498,464095,HAS_HOST_STAT,1,0.88,0.8041,0.5619,0.707608
7752992,u29610,9149498,464095,HAS_HOST_STAT,1,1.0,0.9622,0.5889,0.9622
8449882,u653854,9149498,464095,HAS_HOST_STAT,16,0.959375,0.9381249999999999,0.7392,0.9000136718749998
7712590,u7529,9149498,464095,HAS_HOST_STAT,21,0.9057142857142857,0.9225571428571429,0.7317809523809524,0.8355731836734693
7696641,u1297,9149498,464095,HAS_HOST_STAT,5,0.736,0.9226800000000001,0.72878,0.67909248
8637669,u913280,9149498,464095,HAS_HOST_STAT,3,0.48666666666666664,0.8859333333333334,0.6323666666666666,0.4311542222222222
7698127,u1831,9149498,464095,HAS_HOST_STAT,1,1.0,0.8956,0.0635,0.8956
7703875,u3278,9149498,464095,HAS_HOST_STAT,1,0.8,0.9482,0.7284,0.7585600000000001
8488682,u733204,9149498,464095,HAS_HOST_STAT,1,0.82,0.9619,0.6928,0.788758
7698370,u1958,9149498,464095,HAS_HOST_STAT,1,0.95,0.8209,0.2669,0.779855
7766399,u37868,9149498,464095,HAS_HOST_STAT,1,1.0,0.8209,0.2669,0.8209
7713664,u7986,9307270,675063,HAS_HOST_STAT,1,0.99,0.8461,0.3022,0.8376389999999999
7729255,u18450,9546504,1028384,HAS_HOST_STAT,1,0.97,0.999,0.9483,0.96903
7744199,u24285,10302863,1890424,HAS_HOST_STAT,1,0.99,0.9958,0.9681,0.985842
7687472,u128,10381874,1980410,HAS_HOST_STAT,2,1.0,0.94155,0.008199999999999999,0.94155
7714985,u8555,10542956,2169561,HAS_HOST_STAT,12,0.9358333333333333,0.8916583333333333,0.010333333333333333,0.8344435902777777
7725078,u16704,10827134,2499411,HAS_HOST_STAT,3,0.9433333333333334,0.9469333333333334,0.7278000000000001,0.8932737777777778
8523433,u781489,10827134,2499411,HAS_HOST_STAT,1,1.0,0.8472,0.3682,0.8472
7695805,u1095,10827134,2499411,HAS_HOST_STAT,1,1.0,0.9716,0.771,0.9716
7747083,u25198,11005570,2704949,HAS_HOST_STAT,24,0.6283333333333334,0.9994416666666667,0.8663208333333334,0.6279825138888889
8096988,u240772,11030243,2732414,HAS_HOST_STAT,1,1.0,0.9757,0.7783,0.9757
7749345,u26426,11030334,2732515,HAS_HOST_STAT,1,1.0,0.8627,0.7039,0.8627
7713664,u7986,11030346,2732527,HAS_HOST_STAT,12,0.9974999999999999,0.9769833333333333,0.9585250000000001,0.974540875
7696998,u1513,11030353,2732534,HAS_HOST_STAT,1,1.0,0.8616,0.5785,0.8616
7713664,u7986,11030355,2732536,HAS_HOST_STAT,1,0.68,0.9419,0.6496,0.6404920000000001
8182258,u303211,11030360,2732541,HAS_HOST_STAT,51,0.8721568627450981,0.9783901960784311,0.48260392156862764,0.8533097239523258
7713664,u7986,11030360,2732541,HAS_HOST_STAT,7,0.9971428571428572,0.9926714285714286,0.7854857142857142,0.9898352244897961
8340636,u491643,11030360,2732541,HAS_HOST_STAT,3,0.73,0.9816999999999999,0.42946666666666666,0.7166409999999999
8158062,u285409,11030360,2732541,HAS_HOST_STAT,1,0.95,0.9878,0.2302,0.93841
7819027,u63187,11030363,2732544,HAS_HOST_STAT,7,0.9557142857142857,0.9090428571428572,0.5646571428571427,0.8687852448979592
7834426,u71199,11030363,2732544,HAS_HOST_STAT,2,1.0,0.8492999999999999,0.5132,0.8492999999999999
8549624,u814919,11030363,2732544,HAS_HOST_STAT,1,1.0,0.8011,0.6634,0.8011
7725156,u16775,11030363,2732544,HAS_HOST_STAT,1,0.85,0.939,0.8817,0.7981499999999999
7963096,u151385,11030363,2732544,HAS_HOST_STAT,1,0.96,0.9436,0.8889,0.905856
8470060,u694014,11030363,2732544,HAS_HOST_STAT,6,0.9733333333333333,0.85485,0.26669999999999994,0.832054
7743586,u23964,11030363,2732544,HAS_HOST_STAT,9,1.0,0.8406444444444445,0.2699,0.8406444444444445
8321177,u464317,11030363,2732544,HAS_HOST_STAT,15,0.8493333333333334,0.8611333333333334,0.30265333333333333,0.7313892444444445
8340636,u491643,11030363,2732544,HAS_HOST_STAT,5,1.0,0.84034,0.19604,0.84034
7706577,u4543,11030363,2732544,HAS_HOST_STAT,3,0.9966666666666667,0.8523666666666667,0.25256666666666666,0.8495254444444446
7747937,u25668,11030363,2732544,HAS_HOST_STAT,3,0.9966666666666667,0.8741666666666668,0.3242,0.8712527777777779
7907742,u123944,11030363,2732544,HAS_HOST_STAT,5,0.8320000000000001,0.8663799999999999,0.30251999999999996,0.72082816
7927328,u131402,11030363,2732544,HAS_HOST_STAT,5,0.984,0.85328,0.25872,0.8396275200000001
8632345,u906969,11030363,2732544,HAS_HOST_STAT,2,1.0,0.8481000000000001,0.3214,0.8481000000000001
7746810,u25022,11030363,2732544,HAS_HOST_STAT,10,0.9870000000000001,0.8605700000000001,0.28599,0.8493825900000002
8182258,u303211,11030363,2732544,HAS_HOST_STAT,1,1.0,0.8367,0.1376,0.8367
7742715,u23264,11030363,2732544,HAS_HOST_STAT,6,0.995,0.83525,0.25598333333333334,0.83107375
8166437,u291146,11030363,2732544,HAS_HOST_STAT,2,0.96,0.87905,0.35614999999999997,0.843888
8686321,u987572,11030363,2732544,HAS_HOST_STAT,11,0.958181818181818,0.8592272727272727,0.2964363636363636,0.823295950413223
8082866,u230477,11030363,2732544,HAS_HOST_STAT,2,1.0,0.83115,0.26785,0.83115
7983609,u166714,11030363,2732544,HAS_HOST_STAT,1,1.0,0.8074,0.2749,0.8074
7703744,u3234,11030363,2732544,HAS_HOST_STAT,1,1.0,0.8284,0.1883,0.8284
7693113,u741,11030364,2732545,HAS_HOST_STAT,20,0.8389999999999999,0.999475,0.60272,0.8385595249999999
7725078,u16704,11030364,2732545,HAS_HOST_STAT,1,0.97,0.9997,0.513,0.969709
7749345,u26426,11030364,2732545,HAS_HOST_STAT,9,0.9788888888888888,0.8923777777777777,0.5938333333333334,0.8735386913580245
7695498,u1041,11030364,2732545,HAS_HOST_STAT,2,1.0,0.8455999999999999,0.79095,0.8455999999999999
7687472,u128,11030364,2732545,HAS_HOST_STAT,3,1.0,0.958,0.8678333333333333,0.958
8182258,u303211,11030370,2732551,HAS_HOST_STAT,1,1.0,0.9606,0.5001,0.9606
7698370,u1958,11161498,2887326,HAS_HOST_STAT,1,0.6,0.8596,0.025,0.51576
7713664,u7986,11161498,2887326,HAS_HOST_STAT,3,0.9966666666666667,0.879,0.4112,0.87607
7702441,u2716,11161498,2887326,HAS_HOST_STAT,4,1.0,0.85265,0.31645,0.85265
7714985,u8555,11161498,2887326,HAS_HOST_STAT,7,0.9585714285714286,0.9883,0.34661428571428576,0.9473561428571429
7702489,u2740,11161498,2887326,HAS_HOST_STAT,2,1.0,0.87585,0.2902,0.87585
7696998,u1513,11161498,2887326,HAS_HOST_STAT,2,1.0,0.90025,0.19865,0.90025
8310184,u452313,11172182,2899670,HAS_HOST_STAT,5,0.862,0.8243,0.046239999999999996,0.7105466
8048370,u207044,8755987,136,HAS_HOST_STAT,12,0.8408333333333332,0.9458500000000001,0.8688583333333333,0.7953022083333333
8048370,u207044,8756157,356,HAS_HOST_STAT,2,0.855,0.9097500000000001,0.72305,0.77783625
8048370,u207044,8756749,1118,HAS_HOST_STAT,26,0.7773076923076924,0.95435,0.7442576923076923,0.7418235961538462
8221325,u345572,8756749,1118,HAS_HOST_STAT,2,1.0,0.81985,0.43655,0.81985
8048370,u207044,8756767,1150,HAS_HOST_STAT,5,0.8200000000000001,0.86392,0.08146,0.7084144000000001
8048370,u207044,8756776,1161,HAS_HOST_STAT,6,0.7316666666666666,0.9354333333333333,0.5828666666666665,0.6844253888888888
8048370,u207044,8756954,1385,HAS_HOST_STAT,82,0.8273170731707317,0.9844195121951219,0.5764036585365853,0.8144270696014276
8048370,u207044,8757480,2037,HAS_HOST_STAT,10,0.7649999999999999,0.97754,0.7202900000000001,0.7478180999999999
7687950,u258,8757513,2085,HAS_HOST_STAT,5,1.0,0.86658,0.34503999999999996,0.86658
8677234,u977953,8757513,2085,HAS_HOST_STAT,1,0.93,0.8051,0.2755,0.748743
8048370,u207044,8757513,2085,HAS_HOST_STAT,1,0.73,0.8051,0.2755,0.587723
8048370,u207044,8757581,2158,HAS_HOST_STAT,1,0.92,0.8126,0.6277,0.747592
8048370,u207044,8757681,2281,HAS_HOST_STAT,1,0.92,0.9992,0.9831,0.919264
8048370,u207044,8758279,3042,HAS_HOST_STAT,2,0.685,0.9953,0.8617,0.6817805
8622758,u896319,8758425,3215,HAS_HOST_STAT,4,0.86,0.9986,0.9428,0.858796
8048370,u207044,8758425,3215,HAS_HOST_STAT,1,0.83,0.9991,0.9564,0.8292529999999999
8048370,u207044,8758449,3244,HAS_HOST_STAT,3,0.9633333333333333,0.9999333333333333,0.8613666666666667,0.963269111111111
8048370,u207044,8758678,3502,HAS_HOST_STAT,31,0.8048387096774193,0.9903387096774194,0.7607290322580644,0.7970629292403747
8048370,u207044,8758698,3524,HAS_HOST_STAT,15,0.7966666666666667,0.9841533333333333,0.8617333333333334,0.7840421555555557
8048370,u207044,8758804,3646,HAS_HOST_STAT,61,0.8326229508196722,0.9885442622950821,0.6587065573770491,0.8230846406879873
8124876,u259922,8758804,3646,HAS_HOST_STAT,1,0.7,0.9857,0.5252,0.68999
8631333,u905860,8758804,3646,HAS_HOST_STAT,1,0.61,0.871,0.1108,0.53131
8622758,u896319,8758804,3646,HAS_HOST_STAT,1,0.93,0.85,0.138,0.7905
8002355,u179620,8758852,3699,HAS_HOST_STAT,120,0.3605833333333333,0.9911733333333335,0.8602774999999999,0.35740058444444445
8048370,u207044,8758852,3699,HAS_HOST_STAT,176,0.8330681818181814,0.9814119318181818,0.769172159090909,0.8175830536544417
8647080,u928419,8758852,3699,HAS_HOST_STAT,14,0.6085714285714287,0.9578928571428572,0.8310357142857143,0.582946224489796
7882818,u99531,8758852,3699,HAS_HOST_STAT,2,0.5,0.9850000000000001,0.8868,0.49250000000000005
8474718,u703612,8758852,3699,HAS_HOST_STAT,1,0.76,0.9636,0.3335,0.732336
7902049,u118871,8758852,3699,HAS_HOST_STAT,3,1.0,0.9985333333333334,0.8896666666666667,0.9985333333333334
8585543,u856126,8758852,3699,HAS_HOST_STAT,2,0.44,0.9332,0.7857000000000001,0.41060800000000003
8497275,u743088,8758852,3699,HAS_HOST_STAT,3,0.99,0.9938333333333333,0.7608,0.983895
8491558,u736734,8758852,3699,HAS_HOST_STAT,6,0.6883333333333332,0.9913333333333334,0.6981333333333333,0.6823677777777777
7980725,u164307,8758852,3699,HAS_HOST_STAT,1,0.63,0.9984,0.9632,0.628992
8048370,u207044,8758892,3744,HAS_HOST_STAT,55,0.8243636363636365,0.9876236363636361,0.8054018181818181,0.8141610122314049
7882818,u99531,8758892,3744,HAS_HOST_STAT,1,0.53,0.8673,0.1194,0.459669
8182258,u303211,8758892,3744,HAS_HOST_STAT,1,0.98,0.9346,0.6327,0.9159079999999999
8523603,u781695,8758892,3744,HAS_HOST_STAT,1,0.33,0.9896,0.5762,0.326568
7980725,u164307,8758892,3744,HAS_HOST_STAT,1,0.62,0.9994,0.8762,0.619628
8094631,u239287,8758892,3744,HAS_HOST_STAT,1,0.46,0.9699,0.7667,0.446154
8048370,u207044,8759158,4036,HAS_HOST_STAT,3,0.8933333333333333,0.8986999999999999,0.14316666666666666,0.8028386666666666
8048370,u207044,8759177,4055,HAS_HOST_STAT,5,0.87,0.9537,0.31016,0.829719
8048370,u207044,8759188,4069,HAS_HOST_STAT,102,0.83,0.9758088235294119,0.7347764705882357,0.8099213235294118
8667001,u961361,8759188,4069,HAS_HOST_STAT,1,1.0,0.9895,0.9294,0.9895
8491558,u736734,8759188,4069,HAS_HOST_STAT,4,0.64,0.99435,0.9339999999999999,0.636384
8547099,u811277,8759188,4069,HAS_HOST_STAT,1,0.9,0.8946,0.7416,0.80514
7983609,u166714,8759188,4069,HAS_HOST_STAT,1,0.44,0.9975,0.8758,0.4389
7980725,u164307,8759188,4069,HAS_HOST_STAT,1,0.41,0.8982,0.607,0.368262
8048370,u207044,8759249,4143,HAS_HOST_STAT,12,0.8108333333333333,0.9600499999999998,0.3086500000000001,0.7784405416666665
8631333,u905860,8759249,4143,HAS_HOST_STAT,1,0.51,0.9153,0.0951,0.466803
7708749,u6076,8759249,4143,HAS_HOST_STAT,1,0.41,0.9617,0.2005,0.39429699999999995
8063951,u217334,8759313,4209,HAS_HOST_STAT,1,0.35,0.8004,0.0483,0.28014
8048370,u207044,8759313,4209,HAS_HOST_STAT,6,0.8583333333333333,0.9778,0.5911833333333334,0.8392783333333332
8048370,u207044,8759655,4618,HAS_HOST_STAT,3,0.7866666666666667,0.9952333333333334,0.6341666666666667,0.782916888888889
8585543,u856126,8759655,4618,HAS_HOST_STAT,1,0.44,0.9981,0.9195,0.439164
8048370,u207044,8759796,4776,HAS_HOST_STAT,2,0.8,0.9130499999999999,0.1033,0.73044
8585543,u856126,8759893,4892,HAS_HOST_STAT,2,0.99,0.9988,0.87305,0.988812
8048370,u207044,8759893,4892,HAS_HOST_STAT,100,0.8346000000000005,0.960057,0.6829580000000002,0.8012635722000004
8491558,u736734,8759893,4892,HAS_HOST_STAT,3,0.6900000000000001,0.9899,0.6946333333333333,0.683031
8497275,u743088,8759893,4892,HAS_HOST_STAT,1,0.85,0.9966,0.7332,0.84711
7960299,u149303,8759893,4892,HAS_HOST_STAT,1,0.88,0.9868,0.4392,0.868384
8048370,u207044,8759989,5042,HAS_HOST_STAT,34,0.7605882352941177,0.9750882352941176,0.7626764705882354,0.7416406401384082
8048370,u207044,8760044,5125,HAS_HOST_STAT,34,0.8823529411764706,0.985135294117647,0.767335294117647,0.8692370242214532
8647080,u928419,8760044,5125,HAS_HOST_STAT,1,0.62,0.9844,0.1636,0.610328
8488682,u733204,8760044,5125,HAS_HOST_STAT,1,0.66,0.9718,0.1573,0.6413880000000001
8048370,u207044,8760054,5139,HAS_HOST_STAT,4,0.895,0.9986999999999999,0.8976,0.8938364999999999
7732032,u19742,8760054,5139,HAS_HOST_STAT,1,0.56,0.9998,0.9294,0.559888
8048370,u207044,8760065,5151,HAS_HOST_STAT,1,0.91,0.8084,0.0461,0.7356440000000001
8048370,u207044,8760086,5178,HAS_HOST_STAT,7,0.8028571428571429,0.9983428571428571,0.8706714285714285,0.801526693877551
8048370,u207044,8760129,5234,HAS_HOST_STAT,8,0.8262500000000002,0.9988625,0.8895124999999999,0.8253101406250002
8048370,u207044,8760179,5303,HAS_HOST_STAT,4,0.8925,0.89985,0.022675,0.803116125
8048370,u207044,8760209,5338,HAS_HOST_STAT,12,0.86,0.9672333333333333,0.4685166666666667,0.8318206666666667
8048370,u207044,8760497,5738,HAS_HOST_STAT,6,0.8316666666666667,1.0,0.9668166666666667,0.8316666666666667
8048370,u207044,8760558,5819,HAS_HOST_STAT,10,0.841,0.9540799999999999,0.84201,0.8023812799999999
8663295,u955577,8760558,5819,HAS_HOST_STAT,1,1.0,0.8865,0.6003,0.8865
8048370,u207044,8760599,5863,HAS_HOST_STAT,1,0.51,0.9202,0.0072,0.469302
8048370,u207044,8760778,6103,HAS_HOST_STAT,14,0.8385714285714286,0.9349357142857143,0.15405714285714286,0.7840103775510205
8048370,u207044,8760797,6125,HAS_HOST_STAT,146,0.8625342465753427,0.9711383561643837,0.5430643835616443,0.8376400903546636
8491558,u736734,8760797,6125,HAS_HOST_STAT,3,0.7,0.8528666666666667,0.0155,0.5970066666666666
8048370,u207044,8760844,6180,HAS_HOST_STAT,20,0.9209999999999999,0.97328,0.62288,0.89639088
8048370,u207044,8760896,6236,HAS_HOST_STAT,207,0.8254589371980672,0.9805714975845409,0.7117951690821257,0.8094215062428523
8048370,u207044,8761158,6562,HAS_HOST_STAT,16,0.8375,0.96985625,0.5429250000000001,0.812254609375
7714377,u8238,8761158,6562,HAS_HOST_STAT,3,0.5,0.9823666666666666,0.031466666666666664,0.4911833333333333
7708749,u6076,8761173,6580,HAS_HOST_STAT,1,0.51,0.9579,0.0195,0.488529
8048370,u207044,8761173,6580,HAS_HOST_STAT,3,0.77,0.8942666666666667,0.02563333333333333,0.6885853333333334
8094631,u239287,8761173,6580,HAS_HOST_STAT,6,0.41333333333333333,0.9480166666666667,0.032850000000000004,0.3918468888888889
8048370,u207044,8761217,6638,HAS_HOST_STAT,2,0.8300000000000001,0.98625,0.6860999999999999,0.8185875
7837180,u72811,8761217,6638,HAS_HOST_STAT,2,1.0,0.82725,0.0034000000000000002,0.82725
8632211,u906831,8761217,6638,HAS_HOST_STAT,14,0.78,0.99635,0.9274499999999999,0.777153
8446052,u646907,8761217,6638,HAS_HOST_STAT,10,0.8950000000000001,0.99582,0.32863,0.8912589000000002
8018275,u189592,8761217,6638,HAS_HOST_STAT,2,0.75,0.996,0.32545,0.747
8048370,u207044,8761254,6683,HAS_HOST_STAT,28,0.8678571428571428,0.9502071428571428,0.36236428571428575,0.8246440561224488
7708808,u6152,8761254,6683,HAS_HOST_STAT,1,0.74,0.8779,0.0067,0.6496460000000001
8094631,u239287,8761254,6683,HAS_HOST_STAT,2,0.46,0.9604,0.1386,0.441784
8048370,u207044,8761378,6821,HAS_HOST_STAT,1,0.92,0.8599,0.0203,0.791108
8472178,u698555,8761437,6893,HAS_HOST_STAT,1,0.7,0.8907,0.0429,0.62349
8560000,u829404,8761437,6893,HAS_HOST_STAT,1,1.0,0.8895,0.045,0.8895
8733944,u1044971,8761437,6893,HAS_HOST_STAT,1,1.0,0.8554,0.0112,0.8554
8160965,u287478,8761437,6893,HAS_HOST_STAT,1,0.58,0.8657,0.0332,0.5021059999999999
8453445,u659542,8761437,6893,HAS_HOST_STAT,1,1.0,0.9668,0.2918,0.9668
8744350,u1058528,8761437,6893,HAS_HOST_STAT,2,0.72,0.8775,0.04085,0.6317999999999999
8523603,u781695,8761437,6893,HAS_HOST_STAT,1,0.51,0.8291,0.1734,0.42284099999999997
8048370,u207044,8761437,6893,HAS_HOST_STAT,1,0.83,0.944,0.0181,0.7835199999999999
8447076,u649358,8761470,6935,HAS_HOST_STAT,2,0.45,0.9573499999999999,0.58175,0.43080749999999995
8048370,u207044,8761470,6935,HAS_HOST_STAT,13,0.8792307692307693,0.9608846153846153,0.3689230769230769,0.8448393195266272
8647080,u928419,8761470,6935,HAS_HOST_STAT,1,0.42,0.8203,0.4224,0.344526
7767501,u38034,8761470,6935,HAS_HOST_STAT,1,0.96,0.9745,0.6281,0.93552
8481900,u718542,8761470,6935,HAS_HOST_STAT,1,0.91,0.9843,0.5558,0.895713
7722671,u14724,8761519,6993,HAS_HOST_STAT,1,0.59,1.0,0.8815,0.59
7706870,u4842,8761558,7041,HAS_HOST_STAT,1,1.0,0.9105,0.0512,0.9105
8048370,u207044,8761558,7041,HAS_HOST_STAT,4,0.8125,0.9238999999999999,0.071425,0.75066875
8048370,u207044,8761599,7088,HAS_HOST_STAT,55,0.8358181818181817,0.9629799999999998,0.5182072727272726,0.8048761927272725
8155853,u283774,8761599,7088,HAS_HOST_STAT,4,0.79,0.88555,0.078725,0.6995844999999999
8048370,u207044,8761645,7147,HAS_HOST_STAT,86,0.8240697674418604,0.9843220930232557,0.7607360465116283,0.8111500782855596
8632211,u906831,8761645,7147,HAS_HOST_STAT,1,0.56,0.9166,0.1444,0.5132960000000001
8447076,u649358,8761645,7147,HAS_HOST_STAT,24,0.5191666666666668,0.9818291666666666,0.7712000000000001,0.5097329756944445
7687950,u258,8761645,7147,HAS_HOST_STAT,23,1.0,0.8915608695652174,0.5737391304347826,0.8915608695652174
8110413,u250044,8761645,7147,HAS_HOST_STAT,2,0.53,0.99835,0.8213,0.5291255
8096988,u240772,8761645,7147,HAS_HOST_STAT,4,0.5,0.9712000000000001,0.1734,0.48560000000000003
8093342,u238237,8761645,7147,HAS_HOST_STAT,9,0.98,0.9458444444444445,0.7462666666666667,0.9269275555555556
7709244,u6549,8761645,7147,HAS_HOST_STAT,1,0.66,0.9993,0.7843,0.659538
7730586,u18951,8761645,7147,HAS_HOST_STAT,1,0.69,0.9993,0.7623,0.6895169999999999
8622758,u896319,8761645,7147,HAS_HOST_STAT,1,0.83,0.946,0.5123,0.7851799999999999
8474718,u703612,8761645,7147,HAS_HOST_STAT,1,0.64,0.9557,0.5684,0.611648
7960299,u149303,8761645,7147,HAS_HOST_STAT,1,0.63,0.9557,0.5684,0.602091
8048370,u207044,8761827,7399,HAS_HOST_STAT,146,0.8665753424657532,0.9795575342465751,0.642818493150685,0.8488604057046346
7743256,u23650,8761827,7399,HAS_HOST_STAT,1,0.93,0.9861,0.9366,0.917073
7706870,u4842,8761827,7399,HAS_HOST_STAT,1,1.0,0.9316,0.7108,0.9316
8425346,u617110,8761827,7399,HAS_HOST_STAT,1,1.0,0.825,0.0901,0.825
8124876,u259922,8761827,7399,HAS_HOST_STAT,2,0.74,0.9949,0.947,0.736226
8048370,u207044,8761918,7524,HAS_HOST_STAT,15,0.8526666666666667,0.9775333333333333,0.7592333333333334,0.8335100888888889
8048370,u207044,8762167,7858,HAS_HOST_STAT,6,0.8633333333333333,0.9965999999999999,0.6948000000000001,0.8603979999999999
8048370,u207044,8762231,7933,HAS_HOST_STAT,9,0.8277777777777777,0.9998777777777778,0.9130888888888888,0.8276766049382716
8048370,u207044,8762248,7952,HAS_HOST_STAT,113,0.8476991150442477,0.9830575221238937,0.6069176991150443,0.8333369915420157
8094631,u239287,8762248,7952,HAS_HOST_STAT,5,0.41,0.96148,0.47244,0.39420679999999997
7960299,u149303,8762248,7952,HAS_HOST_STAT,1,0.67,0.9862,0.6243,0.6607540000000001
8474718,u703612,8762248,7952,HAS_HOST_STAT,2,0.725,0.9854499999999999,0.58535,0.71445125
7894977,u111830,8762248,7952,HAS_HOST_STAT,3,0.45,0.9965,0.8670666666666667,0.448425
7882818,u99531,8762248,7952,HAS_HOST_STAT,7,0.38285714285714284,0.9866142857142858,0.6593714285714286,0.37773232653061223
7725917,u17107,8762248,7952,HAS_HOST_STAT,1,0.5,0.992,0.7492,0.496
8647080,u928419,8762248,7952,HAS_HOST_STAT,2,0.905,0.9911,0.76305,0.8969455000000001
8334583,u483645,8762248,7952,HAS_HOST_STAT,2,0.965,0.9915,0.49455,0.9567975
8667001,u961361,8762248,7952,HAS_HOST_STAT,1,1.0,0.9777,0.869,0.9777
7708808,u6152,8762248,7952,HAS_HOST_STAT,1,0.74,0.9992,0.7969,0.739408
8048370,u207044,8762290,8006,HAS_HOST_STAT,96,0.8428125000000001,0.9941395833333334,0.8248249999999999,0.8378732675781252
8094631,u239287,8762290,8006,HAS_HOST_STAT,1,0.4,1.0,0.9407,0.4
8048370,u207044,8762383,8111,HAS_HOST_STAT,5,0.882,0.94686,0.47806,0.83513052
8094631,u239287,8762383,8111,HAS_HOST_STAT,2,0.51,0.97495,0.28765,0.4972245
8048370,u207044,8762491,8252,HAS_HOST_STAT,9,0.8466666666666666,0.9990111111111111,0.8926111111111111,0.8458294074074073
7882818,u99531,8762491,8252,HAS_HOST_STAT,1,0.5,0.9977,0.903,0.49885
7750054,u26958,8762516,8288,HAS_HOST_STAT,1,0.7,0.9827,0.5406,0.68789
8048370,u207044,8762561,8342,HAS_HOST_STAT,4,0.8450000000000001,0.997025,0.57175,0.8424861250000001
8558915,u827875,8762561,8342,HAS_HOST_STAT,1,1.0,0.9512,0.0907,0.9512
8048370,u207044,8762657,8459,HAS_HOST_STAT,25,0.8692000000000001,0.9892599999999999,0.5607679999999999,0.859864792
7882818,u99531,8762657,8459,HAS_HOST_STAT,2,0.4,0.9881,0.8123,0.39524000000000004
8094631,u239287,8762657,8459,HAS_HOST_STAT,1,0.39,0.9857,0.805,0.384423
7882818,u99531,8762699,8509,HAS_HOST_STAT,8,0.4,0.9959,0.595825,0.39836000000000005
8048370,u207044,8762699,8509,HAS_HOST_STAT,4,0.8525,0.9825999999999999,0.415575,0.8376665
8094631,u239287,8762699,8509,HAS_HOST_STAT,1,0.38,0.9939,0.6849,0.377682
8048370,u207044,8762959,8826,HAS_HOST_STAT,15,0.8866666666666667,0.96962,0.7704000000000002,0.8597297333333335
8667001,u961361,8762959,8826,HAS_HOST_STAT,1,1.0,0.9954,0.7581,0.9954
7722956,u15161,8763051,8929,HAS_HOST_STAT,1,0.31,0.9883,0.6821,0.306373
7882818,u99531,8763051,8929,HAS_HOST_STAT,2,0.415,0.9914499999999999,0.48175,0.41145174999999995
8048370,u207044,8763096,8976,HAS_HOST_STAT,64,0.8534375000000001,0.9521109375000001,0.6714531249999999,0.8125671782226563
8497275,u743088,8763096,8976,HAS_HOST_STAT,2,0.6950000000000001,0.8806499999999999,0.5983499999999999,0.61205175
8491558,u736734,8763096,8976,HAS_HOST_STAT,1,0.69,0.9628,0.7718,0.6643319999999999
8094631,u239287,8763096,8976,HAS_HOST_STAT,1,0.41,0.9835,0.6955,0.403235
7781099,u45333,8763096,8976,HAS_HOST_STAT,2,0.8999999999999999,0.9658,0.7409,0.8692199999999999
8182258,u303211,8763096,8976,HAS_HOST_STAT,1,0.97,0.9955,0.7851,0.965635
8083098,u230586,8763096,8976,HAS_HOST_STAT,1,0.99,0.8687,0.5946,0.860013
8048370,u207044,8763217,9126,HAS_HOST_STAT,4,0.8175,0.9767250000000001,0.593325,0.7984726875000001
7882818,u99531,8763217,9126,HAS_HOST_STAT,1,0.39,0.9549,0.2809,0.372411
8094631,u239287,8763217,9126,HAS_HOST_STAT,1,0.38,0.9999,0.8961,0.379962
8048370,u207044,8763414,9362,HAS_HOST_STAT,12,0.8775,0.862425,0.16593333333333335,0.7567779375
8094631,u239287,8763414,9362,HAS_HOST_STAT,1,0.38,0.9137,0.7073,0.347206
7706574,u4537,8763446,9397,HAS_HOST_STAT,1,1.0,0.9841,0.6091,0.9841
8124876,u259922,8763446,9397,HAS_HOST_STAT,2,0.62,0.9281999999999999,0.12645,0.575484
8048370,u207044,8763446,9397,HAS_HOST_STAT,7,0.8457142857142858,0.9237142857142857,0.5143857142857143,0.7811983673469388
8547099,u811277,8763446,9397,HAS_HOST_STAT,2,0.75,0.99525,0.8236,0.7464375
8467670,u688967,8763446,9397,HAS_HOST_STAT,3,0.82,0.9947666666666667,0.8015333333333333,0.8157086666666666
8451397,u655859,8763446,9397,HAS_HOST_STAT,2,0.8300000000000001,0.99025,0.5594,0.8219075
8477160,u708769,8763446,9397,HAS_HOST_STAT,1,1.0,0.8526,0.0904,0.8526
8048370,u207044,8763487,9443,HAS_HOST_STAT,4637,0.8308324347638534,0.9785357774423116,0.6006454819926674,0.8129992624759359
7882818,u99531,8763487,9443,HAS_HOST_STAT,28,0.6250000000000001,0.992992857142857,0.6114535714285715,0.6206205357142858
8647080,u928419,8763487,9443,HAS_HOST_STAT,36,0.621388888888889,0.9900194444444445,0.606836111111111,0.6151870825617285
8096621,u240559,8763487,9443,HAS_HOST_STAT,1,0.53,0.9995,0.8097,0.5297350000000001
8505096,u759354,8763487,9443,HAS_HOST_STAT,1,0.47,0.9962,0.5932,0.46821399999999996
7960299,u149303,8763487,9443,HAS_HOST_STAT,17,0.7070588235294117,0.9163882352941175,0.4980647058823529,0.6479403875432524
8474718,u703612,8763487,9443,HAS_HOST_STAT,7,0.6157142857142857,0.9647571428571429,0.46308571428571427,0.5940147551020407
7959444,u148722,8763487,9443,HAS_HOST_STAT,17,0.8729411764705881,0.8842176470588234,0.5680647058823529,0.7718699930795846
8499738,u748646,8763487,9443,HAS_HOST_STAT,16,0.840625,0.89428125,0.60028125,0.75175517578125
7732032,u19742,8763487,9443,HAS_HOST_STAT,1,0.46,0.9945,0.7815,0.45747000000000004
8585543,u856126,8763487,9443,HAS_HOST_STAT,13,0.99,0.9784615384615385,0.6866692307692308,0.9686769230769231
7743108,u23531,8763487,9443,HAS_HOST_STAT,1,0.42,0.9975,0.766,0.41895
8667001,u961361,8763487,9443,HAS_HOST_STAT,23,0.9421739130434784,0.9095347826086956,0.538104347826087,0.8569399451795842
8093342,u238237,8763487,9443,HAS_HOST_STAT,3,0.93,0.9988,0.21946666666666664,0.928884
7706574,u4537,8763487,9443,HAS_HOST_STAT,2,0.675,0.9133,0.6697500000000001,0.6164775
8677234,u977953,8763487,9443,HAS_HOST_STAT,2,0.45,0.9961,0.7344999999999999,0.448245
8491558,u736734,8763487,9443,HAS_HOST_STAT,26,0.6803846153846154,0.9410423076923077,0.4138115384615385,0.6402707085798817
8547099,u811277,8763487,9443,HAS_HOST_STAT,2,0.8799999999999999,0.95265,0.6778500000000001,0.8383319999999999
8497275,u743088,8763487,9443,HAS_HOST_STAT,2,0.71,0.93005,0.5504,0.6603355
8488682,u733204,8763487,9443,HAS_HOST_STAT,7,0.6742857142857143,0.9949857142857144,0.6789857142857143,0.6709046530612245
8334583,u483645,8763487,9443,HAS_HOST_STAT,38,0.9621052631578946,0.9734078947368421,0.41219736842105265,0.9365208587257616
7766454,u37877,8763487,9443,HAS_HOST_STAT,17,0.9711764705882353,0.9734176470588236,0.3147294117647059,0.9453603148788928
7692194,u548,8763487,9443,HAS_HOST_STAT,2,1.0,0.97245,0.7181,0.97245
7743870,u24052,8763487,9443,HAS_HOST_STAT,1,0.72,0.9822,0.6963,0.7071839999999999
7721817,u13577,8763487,9443,HAS_HOST_STAT,1,0.5,0.9909,0.7411,0.49545
7747073,u25189,8763487,9443,HAS_HOST_STAT,1,0.56,0.9956,0.8665,0.557536
7715427,u8719,8763487,9443,HAS_HOST_STAT,1,0.39,0.998,0.6091,0.38922
8574433,u845135,8763487,9443,HAS_HOST_STAT,4,0.9424999999999999,0.9487749999999999,0.32215,0.8942204374999998
8640411,u916774,8763487,9443,HAS_HOST_STAT,1,0.68,0.9737,0.3025,0.662116
7714938,u8520,8763487,9443,HAS_HOST_STAT,1,0.44,0.8641,0.7451,0.380204
7706957,u4902,8763487,9443,HAS_HOST_STAT,1,0.43,0.9938,0.4855,0.427334
8663295,u955577,8763487,9443,HAS_HOST_STAT,1,0.97,0.9917,0.5478,0.961949
7711656,u7358,8763487,9443,HAS_HOST_STAT,1,0.61,0.9821,0.5865,0.599081
8639533,u915510,8763487,9443,HAS_HOST_STAT,1,0.56,0.9629,0.4027,0.539224
7720534,u12303,8763487,9443,HAS_HOST_STAT,1,0.41,0.9995,0.7625,0.409795
7994679,u174487,8763487,9443,HAS_HOST_STAT,1,0.73,0.9005,0.1293,0.657365
8555954,u823709,8763487,9443,HAS_HOST_STAT,1,1.0,0.9005,0.1293,0.9005
8506236,u760703,8763487,9443,HAS_HOST_STAT,1,0.96,0.9005,0.1293,0.8644799999999999
8622758,u896319,8763487,9443,HAS_HOST_STAT,1,0.8,0.9969,0.7453,0.79752
7701605,u2371,8763487,9443,HAS_HOST_STAT,1,0.46,0.9994,0.762,0.459724
8452814,u658409,8763487,9443,HAS_HOST_STAT,1,0.75,0.9046,0.3055,0.67845
7703543,u3166,8763487,9443,HAS_HOST_STAT,1,0.31,0.9339,0.8542,0.28950899999999996
8385281,u547455,8763487,9443,HAS_HOST_STAT,1,0.65,0.8491,0.4024,0.551915
8094631,u239287,8763487,9443,HAS_HOST_STAT,1,0.37,0.998,0.5597,0.36926
8432642,u626280,8763487,9443,HAS_HOST_STAT,1,0.46,0.9992,0.9907,0.459632
8048370,u207044,8763769,9774,HAS_HOST_STAT,2,0.92,0.8744000000000001,0.06595,0.804448
8048370,u207044,8763782,9787,HAS_HOST_STAT,47,0.822127659574468,0.9831744680851066,0.6768893617021279,0.8082949244001811
8083098,u230586,8763782,9787,HAS_HOST_STAT,1,1.0,0.9921,0.7446,0.9921
7882818,u99531,8763925,9971,HAS_HOST_STAT,4,0.435,0.9003249999999999,0.564775,0.39164137499999996
8048370,u207044,8763925,9971,HAS_HOST_STAT,68,0.8114705882352943,0.9655882352941177,0.550145588235294,0.7835464532871975
8094631,u239287,8763925,9971,HAS_HOST_STAT,2,0.435,0.9298,0.5023,0.40446299999999996
8048370,u207044,8763929,9975,HAS_HOST_STAT,31,0.8970967741935485,0.9522451612903226,0.48973870967741934,0.8542560624349637
7731744,u19445,8763929,9975,HAS_HOST_STAT,1,0.47,0.9967,0.7727,0.468449
8647080,u928419,8763941,9989,HAS_HOST_STAT,456,0.6200219298245613,0.9459975877192984,0.6047241228070174,0.586539249947099
8048370,u207044,8763941,9989,HAS_HOST_STAT,2919,0.8434463857485441,0.9773566632408349,0.6618931825967797,0.8243479451977392
7882818,u99531,8763941,9989,HAS_HOST_STAT,152,0.5146710526315788,0.9741407894736843,0.39447368421052637,0.5013620655297782
7960299,u149303,8763941,9989,HAS_HOST_STAT,6,0.6866666666666668,0.9871666666666666,0.6218166666666667,0.6778544444444445
8491558,u736734,8763941,9989,HAS_HOST_STAT,28,0.6539285714285715,0.9685642857142858,0.5498714285714287,0.6333718596938777
8334583,u483645,8763941,9989,HAS_HOST_STAT,14,0.9685714285714286,0.9443857142857142,0.46662142857142863,0.9147050204081633
8497275,u743088,8763941,9989,HAS_HOST_STAT,3,0.7133333333333334,0.9881333333333333,0.6049666666666667,0.7048684444444445
7727084,u17460,8763941,9989,HAS_HOST_STAT,18,0.3861111111111112,0.98135,0.6570499999999999,0.3789101388888889
8474718,u703612,8763941,9989,HAS_HOST_STAT,2,0.615,0.9336,0.3856,0.574164
7703543,u3166,8763941,9989,HAS_HOST_STAT,2,0.32,0.89725,0.60945,0.28712
8585543,u856126,8763941,9989,HAS_HOST_STAT,1,0.98,0.9957,0.8967,0.975786
7708749,u6076,8763941,9989,HAS_HOST_STAT,4,0.4575,0.9960500000000001,0.719525,0.45569287500000005
7701605,u2371,8763941,9989,HAS_HOST_STAT,2,1.0,0.98685,0.7951999999999999,0.98685
7716618,u9527,8763941,9989,HAS_HOST_STAT,2,0.38,0.9942,0.7956000000000001,0.377796
8675670,u975858,8763941,9989,HAS_HOST_STAT,2,0.765,0.9467,0.8238,0.7242255
8394081,u561267,8763941,9989,HAS_HOST_STAT,1,0.59,0.9227,0.7945,0.5443929999999999
8124876,u259922,8763941,9989,HAS_HOST_STAT,1,0.72,0.9572,0.2826,0.689184
8094631,u239287,8763941,9989,HAS_HOST_STAT,2,0.435,0.9535,0.523,0.4147725
8554239,u821211,8763941,9989,HAS_HOST_STAT,1,0.84,0.901,0.2442,0.75684
8259525,u389350,8763941,9989,HAS_HOST_STAT,11,1.0,0.9872454545454545,0.3174636363636364,0.9872454545454545
7743108,u23531,8763941,9989,HAS_HOST_STAT,1,0.53,0.9579,0.233,0.507687
8506236,u760703,8763941,9989,HAS_HOST_STAT,1,1.0,0.9775,0.8919,0.9775
8667001,u961361,8763941,9989,HAS_HOST_STAT,1,0.77,0.9828,0.671,0.756756
7980725,u164307,8763941,9989,HAS_HOST_STAT,1,0.49,0.9967,0.8283,0.488383
8561570,u831531,8763941,9989,HAS_HOST_STAT,1,0.99,0.9893,0.8395,0.9794069999999999
8124605,u259712,8763941,9989,HAS_HOST_STAT,1,0.58,0.9982,0.7164,0.5789559999999999
7719616,u11550,8763941,9989,HAS_HOST_STAT,1,0.6,0.9671,0.3479,0.58026
7738443,u21450,8763941,9989,HAS_HOST_STAT,1,0.42,0.9946,0.7282,0.417732
8538844,u800160,8763941,9989,HAS_HOST_STAT,1,1.0,0.9515,0.805,0.9515
8579861,u850318,8763941,9989,HAS_HOST_STAT,1,0.99,0.8168,0.2745,0.808632
8451397,u655859,8763941,9989,HAS_HOST_STAT,1,0.74,0.8168,0.2745,0.604432
7766454,u37877,8763941,9989,HAS_HOST_STAT,1,1.0,0.9954,0.767,0.9954
8033508,u198165,8763941,9989,HAS_HOST_STAT,1,0.82,0.9199,0.2898,0.754318
8478799,u712143,8763941,9989,HAS_HOST_STAT,1,1.0,0.9518,0.454,0.9518
7710347,u7112,8763941,9989,HAS_HOST_STAT,1,0.41,0.975,0.705,0.39975
8123504,u258874,8763941,9989,HAS_HOST_STAT,1,0.88,0.966,0.6845,0.85008
8446052,u646907,8763941,9989,HAS_HOST_STAT,1,0.91,0.992,0.9068,0.9027200000000001
8574433,u845135,8764832,11157,HAS_HOST_STAT,1,1.0,0.8864,0.8362,0.8864
8115822,u253503,8766416,13792,HAS_HOST_STAT,1,0.42,0.9243,0.1784,0.388206
8048370,u207044,8766416,13792,HAS_HOST_STAT,1,0.82,0.9402,0.2146,0.770964
8048370,u207044,8768230,28738,HAS_HOST_STAT,71,0.8774647887323944,0.9877450704225352,0.6622352112676057,0.8667115195397739
8334583,u483645,8769465,30262,HAS_HOST_STAT,1,0.96,0.9964,0.6742,0.956544
8467101,u687848,8770584,31932,HAS_HOST_STAT,1,0.5,0.8798,0.2372,0.4399
8048370,u207044,8771303,33183,HAS_HOST_STAT,1,0.56,0.9939,0.6049,0.5565840000000001
8048370,u207044,8771537,33554,HAS_HOST_STAT,64,0.8137500000000002,0.9760906250000002,0.6428093750000002,0.7942937460937504
7724627,u16483,8771537,33554,HAS_HOST_STAT,1,1.0,0.8468,0.0852,0.8468
8467670,u688967,8771537,33554,HAS_HOST_STAT,2,0.9550000000000001,0.8254999999999999,0.45515,0.7883525
8474718,u703612,8771537,33554,HAS_HOST_STAT,1,0.47,0.9935,0.6791,0.466945
7960299,u149303,8771537,33554,HAS_HOST_STAT,1,0.94,0.995,0.7195,0.9352999999999999
8124876,u259922,8771537,33554,HAS_HOST_STAT,1,0.6,0.9209,0.8315,0.55254
8048370,u207044,8772207,34346,HAS_HOST_STAT,9,0.8244444444444444,0.9811888888888889,0.7746,0.8089357283950617
7960299,u149303,8772207,34346,HAS_HOST_STAT,1,0.63,0.9588,0.366,0.604044
8358393,u514679,8772427,34634,HAS_HOST_STAT,1,0.6,0.9914,0.0492,0.5948399999999999
8628446,u902785,8772427,34634,HAS_HOST_STAT,1,1.0,0.9749,0.9202,0.9749
8048370,u207044,8773049,35460,HAS_HOST_STAT,1,0.82,0.857,0.1095,0.7027399999999999
8048370,u207044,8773543,36064,HAS_HOST_STAT,2,0.92,0.829,0.009399999999999999,0.76268
8048370,u207044,8775680,38605,HAS_HOST_STAT,3,0.8466666666666667,0.909,0.7939999999999999,0.7696200000000001
8048370,u207044,8775683,38608,HAS_HOST_STAT,1,0.89,0.8766,0.0439,0.780174
8048370,u207044,8775684,38609,HAS_HOST_STAT,2,0.81,0.92335,0.2659,0.7479135
8048370,u207044,8775876,38820,HAS_HOST_STAT,475,0.8280842105263155,0.9726273684210531,0.6960208421052633,0.8054173665152357
8491558,u736734,8775876,38820,HAS_HOST_STAT,4,0.7,0.991375,0.822225,0.6939624999999999
7915524,u126989,8775876,38820,HAS_HOST_STAT,1,0.41,0.9854,0.5541,0.404014
7731808,u19525,8775876,38820,HAS_HOST_STAT,4,0.33,0.950375,0.858275,0.31362375
8547099,u811277,8775876,38820,HAS_HOST_STAT,1,1.0,0.9386,0.8285,0.9386
8094631,u239287,8775876,38820,HAS_HOST_STAT,4,0.395,0.9895499999999999,0.5792999999999999,0.39087225
8585543,u856126,8775876,38820,HAS_HOST_STAT,15,0.9833333333333334,0.9902066666666666,0.5714466666666667,0.9737032222222222
8340636,u491643,8775876,38820,HAS_HOST_STAT,1,0.31,0.9982,0.8404,0.309442
7980725,u164307,8775876,38820,HAS_HOST_STAT,1,0.31,0.9869,0.867,0.305939
7960299,u149303,8775876,38820,HAS_HOST_STAT,2,0.585,0.96655,0.31335,0.56543175
8687234,u988516,8775876,38820,HAS_HOST_STAT,2,0.565,0.9592499999999999,0.59205,0.5419762499999999
7737838,u21349,8775876,38820,HAS_HOST_STAT,1,0.56,0.9664,0.58,0.5411840000000001
8399230,u569572,8775876,38820,HAS_HOST_STAT,1,0.99,0.9838,0.6509,0.973962
8497275,u743088,8775876,38820,HAS_HOST_STAT,2,0.975,0.98965,0.8553999999999999,0.96490875
8002355,u179620,8775876,38820,HAS_HOST_STAT,1,0.5,0.9996,0.9155,0.4998
8667001,u961361,8775876,38820,HAS_HOST_STAT,1,1.0,0.9777,0.2246,0.9777
8048370,u207044,8777348,40551,HAS_HOST_STAT,3,0.8533333333333333,0.9964999999999999,0.7934666666666668,0.8503466666666666
8048370,u207044,8778516,41872,HAS_HOST_STAT,2,0.77,0.99885,0.79405,0.7691145
8048370,u207044,8778578,41937,HAS_HOST_STAT,39,0.8415384615384618,0.9777205128205128,0.7915743589743588,0.8227894161735703
8048370,u207044,8778579,41938,HAS_HOST_STAT,35,0.8622857142857143,0.9899942857142856,0.8438514285714285,0.8536579297959183
7915524,u126989,8778579,41938,HAS_HOST_STAT,1,0.41,0.9984,0.8809,0.40934399999999993
8048370,u207044,8778581,41944,HAS_HOST_STAT,3,0.91,0.9954333333333334,0.8672,0.9058443333333334
8048370,u207044,8778582,41945,HAS_HOST_STAT,17,0.7882352941176469,0.9819999999999999,0.7841176470588235,0.7740470588235292
8048370,u207044,8784224,48461,HAS_HOST_STAT,1,0.77,0.864,0.3742,0.66528
8048370,u207044,8801554,68889,HAS_HOST_STAT,1,0.89,0.9966,0.7912,0.886974
8048370,u207044,8803538,71239,HAS_HOST_STAT,18,0.8322222222222222,0.9931666666666665,0.7631,0.8265353703703703
8647080,u928419,8803538,71239,HAS_HOST_STAT,1,0.6,0.9991,0.9744,0.59946
8048370,u207044,8804246,72025,HAS_HOST_STAT,127,0.8303937007874022,0.9681314960629919,0.6445188976377952,0.8039302958645921
8167443,u291421,8804246,72025,HAS_HOST_STAT,1,0.65,0.8295,0.0,0.5391750000000001
8585543,u856126,8804246,72025,HAS_HOST_STAT,1,0.44,0.9943,0.9232,0.437492
8182258,u303211,8804246,72025,HAS_HOST_STAT,1,1.0,0.983,0.8644,0.983
8631333,u905860,8804246,72025,HAS_HOST_STAT,2,0.565,0.89535,0.1573,0.50587275
8048370,u207044,8804467,72273,HAS_HOST_STAT,1,0.47,0.9246,0.6212,0.43456199999999995
8048370,u207044,8804468,72274,HAS_HOST_STAT,106,0.8358490566037737,0.9598858490566037,0.5629367924528302,0.8023196813812745
7693113,u741,8804468,72274,HAS_HOST_STAT,1,1.0,0.9885,0.3887,0.9885
8124876,u259922,8804468,72274,HAS_HOST_STAT,1,0.42,0.808,0.3972,0.33936
8048370,u207044,8805581,73496,HAS_HOST_STAT,2,0.905,0.9982,0.89835,0.903371
8048370,u207044,8807528,75739,HAS_HOST_STAT,8,0.78,0.9710750000000001,0.8627499999999999,0.7574385000000001
7882818,u99531,8807823,76071,HAS_HOST_STAT,1,0.55,0.9963,0.0214,0.547965
8048370,u207044,8808502,76804,HAS_HOST_STAT,386,0.8541191709844558,0.9689974093264248,0.6375466321243521,0.8276392639399712
7709137,u6438,8812122,80840,HAS_HOST_STAT,1,1.0,0.8073,0.4082,0.8073
7766454,u37877,8812122,80840,HAS_HOST_STAT,3,0.99,0.9042,0.4402,0.895158
8673274,u972008,8812122,80840,HAS_HOST_STAT,1,1.0,0.9083,0.4424,0.9083
8673467,u972337,8812122,80840,HAS_HOST_STAT,1,0.67,0.9096,0.4095,0.609432
8640411,u916774,8812122,80840,HAS_HOST_STAT,1,0.49,0.9324,0.4635,0.456876
8048370,u207044,8812122,80840,HAS_HOST_STAT,11,0.7672727272727272,0.9097181818181819,0.5695545454545453,0.6980019504132231
8321177,u464317,8812122,80840,HAS_HOST_STAT,1,0.61,0.9362,0.4442,0.571082
7708808,u6152,8812122,80840,HAS_HOST_STAT,1,0.37,0.8561,0.1434,0.316757
8631333,u905860,8812122,80840,HAS_HOST_STAT,1,0.54,0.8561,0.1434,0.46229400000000004
8638400,u914141,8812122,80840,HAS_HOST_STAT,1,1.0,0.8561,0.1434,0.8561
8655600,u942877,8812122,80840,HAS_HOST_STAT,1,0.77,0.8561,0.1434,0.659197
8048370,u207044,8814080,83136,HAS_HOST_STAT,4,0.8975,0.9933,0.6109,0.8914867499999999
8253847,u383314,8814080,83136,HAS_HOST_STAT,1,1.0,0.997,0.829,0.997
8048370,u207044,8815160,84337,HAS_HOST_STAT,21,0.7914285714285715,0.9823857142857143,0.5110380952380952,0.7774881224489797
8048370,u207044,8815771,85004,HAS_HOST_STAT,4,0.8475,0.8996500000000001,0.807125,0.7624533750000001
8048370,u207044,8815772,85006,HAS_HOST_STAT,1,0.67,0.8741,0.5718,0.585647
8048370,u207044,8815773,85007,HAS_HOST_STAT,21,0.8295238095238094,0.9785714285714285,0.605495238095238,0.8117482993197278
8048370,u207044,8815775,85009,HAS_HOST_STAT,1,0.84,0.8047,0.3607,0.675948
7960299,u149303,8815777,85011,HAS_HOST_STAT,1,0.41,0.956,0.8029,0.39196
8048370,u207044,8815777,85011,HAS_HOST_STAT,12,0.7775000000000001,0.9886583333333333,0.7387583333333334,0.7686818541666667
8048370,u207044,8816488,85823,HAS_HOST_STAT,3,0.9400000000000001,0.8740333333333333,0.26680000000000004,0.8215913333333333
8647080,u928419,8816488,85823,HAS_HOST_STAT,13,0.62,0.9755692307692309,0.5671,0.6048529230769232
7882818,u99531,8816488,85823,HAS_HOST_STAT,3,0.5333333333333333,0.9848333333333333,0.6380666666666667,0.5252444444444444
8488682,u733204,8816488,85823,HAS_HOST_STAT,3,0.6233333333333333,0.9997,0.9184666666666667,0.6231463333333334
7960299,u149303,8821359,91347,HAS_HOST_STAT,3,0.5766666666666667,0.8743666666666666,0.05476666666666667,0.504218111111111
8048370,u207044,8821359,91347,HAS_HOST_STAT,374,0.7994919786096256,0.9342336898395721,0.18897647058823522,0.7469123411736108
7719558,u11435,8821359,91347,HAS_HOST_STAT,1,0.33,0.9968,0.1096,0.328944
8491558,u736734,8821359,91347,HAS_HOST_STAT,1,0.6,0.8024,0.2899,0.48144
7707545,u5284,8821359,91347,HAS_HOST_STAT,1,0.45,0.9018,0.0004,0.40581
8667001,u961361,8821359,91347,HAS_HOST_STAT,1,1.0,0.8098,0.0277,0.8098
7882818,u99531,8821359,91347,HAS_HOST_STAT,1,0.37,0.9981,0.5291,0.369297
8048370,u207044,8821550,91561,HAS_HOST_STAT,311,0.8203858520900323,0.9761967845659165,0.7019337620578779,0.8008580309136591
8491558,u736734,8821550,91561,HAS_HOST_STAT,65,0.6921538461538461,0.9701553846153845,0.7617461538461536,0.6714967808284023
8506236,u760703,8821550,91561,HAS_HOST_STAT,2,1.0,0.99765,0.88265,0.99765
8647080,u928419,8821550,91561,HAS_HOST_STAT,43,0.6044186046511628,0.9694162790697675,0.721753488372093,0.5859332347214711
8488682,u733204,8821550,91561,HAS_HOST_STAT,1,0.49,0.9677,0.6285,0.474173
7882818,u99531,8821550,91561,HAS_HOST_STAT,47,0.713404255319149,0.9821829787234043,0.7347638297872342,0.7006935165233138
8497275,u743088,8821550,91561,HAS_HOST_STAT,15,0.98,0.9836,0.82522,0.963928
8622758,u896319,8821550,91561,HAS_HOST_STAT,15,0.826,0.98038,0.73576,0.80979388
8124876,u259922,8821550,91561,HAS_HOST_STAT,12,0.7158333333333332,0.9499416666666667,0.66225,0.6799999097222221
8094631,u239287,8821550,91561,HAS_HOST_STAT,22,0.6604545454545454,0.9720363636363638,0.72985,0.6419858347107439
8334583,u483645,8821550,91561,HAS_HOST_STAT,28,0.98,0.9807750000000001,0.7243178571428571,0.9611595
8317829,u460607,8821550,91561,HAS_HOST_STAT,7,0.9142857142857141,0.9419285714285714,0.6367,0.8611918367346938
8474718,u703612,8821550,91561,HAS_HOST_STAT,1,0.76,0.9903,0.6236,0.752628
7731945,u19626,8821550,91561,HAS_HOST_STAT,2,0.4,0.9896,0.8757,0.39584
8282845,u416424,8821550,91561,HAS_HOST_STAT,2,0.98,0.94035,0.7714,0.921543
8451397,u655859,8821550,91561,HAS_HOST_STAT,1,0.72,0.9929,0.7199,0.714888
7980725,u164307,8821550,91561,HAS_HOST_STAT,2,0.7050000000000001,0.91725,0.65205,0.6466612500000001
8707132,u1013662,8821550,91561,HAS_HOST_STAT,1,0.85,0.9633,0.4772,0.818805
7728218,u17974,8821550,91561,HAS_HOST_STAT,1,0.64,0.9994,0.9234,0.639616
7749643,u26670,8821550,91561,HAS_HOST_STAT,2,0.9550000000000001,0.9887999999999999,0.7026,0.9443039999999999
7731576,u19341,8821550,91561,HAS_HOST_STAT,2,0.345,0.98925,0.6737,0.34129124999999993
7960299,u149303,8821550,91561,HAS_HOST_STAT,1,0.43,0.9932,0.7753,0.42707599999999996
8086165,u232730,8821550,91561,HAS_HOST_STAT,1,0.54,0.9154,0.1924,0.49431600000000003
7709103,u6381,8821550,91561,HAS_HOST_STAT,1,0.46,0.981,0.341,0.45126
8474579,u703398,8821550,91561,HAS_HOST_STAT,1,1.0,0.9926,0.734,0.9926
8048370,u207044,8822721,92860,HAS_HOST_STAT,4,0.7475,0.92275,0.2764,0.689755625
8048370,u207044,8824373,94695,HAS_HOST_STAT,4,0.845,0.9925999999999999,0.9616,0.8387469999999999
8647080,u928419,8824373,94695,HAS_HOST_STAT,1,0.62,0.9869,0.9718,0.611878
7882818,u99531,8824373,94695,HAS_HOST_STAT,1,0.46,0.9956,0.9801,0.45797600000000005
8048370,u207044,8834326,106218,HAS_HOST_STAT,6,0.9016666666666667,0.9703333333333333,0.05925,0.8749172222222222
8048370,u207044,8854850,129912,HAS_HOST_STAT,28,0.8121428571428573,0.8882678571428572,0.2705928571428572,0.7214003954081634
8048370,u207044,8859896,135614,HAS_HOST_STAT,3,0.8233333333333334,0.9980333333333333,0.8036666666666666,0.8217141111111111
8048370,u207044,8859901,135619,HAS_HOST_STAT,8,0.71375,0.9265125,0.41946249999999996,0.661298296875
8048370,u207044,8859904,135622,HAS_HOST_STAT,1,0.88,0.8158,0.1433,0.717904
7707545,u5284,8859904,135622,HAS_HOST_STAT,1,0.45,0.8726,0.0011,0.39267
7732032,u19742,8859904,135622,HAS_HOST_STAT,1,0.53,0.9679,0.1485,0.512987
8048370,u207044,8859905,135623,HAS_HOST_STAT,4,0.7375,0.8724000000000001,0.5138999999999999,0.643395
8048370,u207044,8859906,135624,HAS_HOST_STAT,3,0.8133333333333334,0.9648333333333333,0.641,0.7847311111111112
8048370,u207044,8859907,135625,HAS_HOST_STAT,3,0.8366666666666667,0.9821333333333334,0.9524333333333334,0.8217182222222222
8048370,u207044,8883552,162474,HAS_HOST_STAT,1,0.83,0.8038,0.3975,0.6671539999999999
8048370,u207044,8891608,171549,HAS_HOST_STAT,35,0.8277142857142856,0.8568028571428571,0.6114657142857144,0.7091879648979591
7882818,u99531,8891608,171549,HAS_HOST_STAT,1,0.47,0.8597,0.0729,0.404059
8048370,u207044,8905531,186802,HAS_HOST_STAT,34,0.801470588235294,0.8688823529411764,0.5283411764705882,0.6963836505190311
7730586,u18951,8905531,186802,HAS_HOST_STAT,1,0.32,0.8004,0.0199,0.256128
8094631,u239287,8905531,186802,HAS_HOST_STAT,4,0.5475,0.8522000000000001,0.32382500000000003,0.46657950000000004
7882818,u99531,8905531,186802,HAS_HOST_STAT,4,0.45,0.91405,0.6023999999999999,0.41132250000000004
8585543,u856126,8905531,186802,HAS_HOST_STAT,1,0.43,0.9356,0.4742,0.402308
8143673,u273894,8905531,186802,HAS_HOST_STAT,1,0.92,0.8621,0.6301,0.7931320000000001
8470060,u694014,8905531,186802,HAS_HOST_STAT,1,0.84,0.8488,0.5162,0.712992
7980725,u164307,8905531,186802,HAS_HOST_STAT,2,0.695,0.8714999999999999,0.53375,0.6056925
8411478,u592303,8905531,186802,HAS_HOST_STAT,1,1.0,0.8137,0.3267,0.8137
7901240,u118068,8905531,186802,HAS_HOST_STAT,2,0.67,0.9781,0.37434999999999996,0.655327
8488682,u733204,8905531,186802,HAS_HOST_STAT,8,0.8025000000000001,0.9820499999999999,0.4098625,0.788095125
8614014,u885735,8905531,186802,HAS_HOST_STAT,1,0.98,0.98,0.3707,0.9603999999999999
8612019,u883540,8905531,186802,HAS_HOST_STAT,1,1.0,0.9911,0.383,0.9911
7907742,u123944,8905531,186802,HAS_HOST_STAT,1,0.54,0.8825,0.569,0.47655000000000003
8048370,u207044,8905550,186826,HAS_HOST_STAT,56,0.8173214285714283,0.9430785714285714,0.6567982142857144,0.7707983252551018
8474718,u703612,8905550,186826,HAS_HOST_STAT,1,0.76,0.969,0.3826,0.73644
8585543,u856126,8905550,186826,HAS_HOST_STAT,1,0.99,0.8846,0.3644,0.875754
8321177,u464317,8905550,186826,HAS_HOST_STAT,1,0.81,0.924,0.73,0.7484400000000001
8622758,u896319,8905550,186826,HAS_HOST_STAT,1,0.84,0.924,0.73,0.77616
8659132,u948716,8905550,186826,HAS_HOST_STAT,1,0.99,0.8453,0.7696,0.836847
8048370,u207044,8907919,189479,HAS_HOST_STAT,4,0.7424999999999999,0.942775,0.828075,0.7000104374999999
8048370,u207044,8917933,200666,HAS_HOST_STAT,16,0.7949999999999999,0.9637187500000001,0.5561499999999999,0.76615640625
8585543,u856126,8920499,203491,HAS_HOST_STAT,3,0.5,0.8500333333333334,0.38243333333333335,0.4250166666666667
7882818,u99531,8920499,203491,HAS_HOST_STAT,4,0.45999999999999996,0.85,0.44279999999999997,0.39099999999999996
8094631,u239287,8920499,203491,HAS_HOST_STAT,4,0.5475,0.86155,0.44872500000000004,0.471698625
8048370,u207044,8923155,206351,HAS_HOST_STAT,3,0.8266666666666667,0.9998,0.9577,0.8265013333333333
8048370,u207044,8929917,213849,HAS_HOST_STAT,6,0.865,0.98045,0.8244999999999999,0.84808925
7705289,u4011,8946366,232378,HAS_HOST_STAT,1,0.28,1.0,0.9604,0.28
8048370,u207044,8946366,232378,HAS_HOST_STAT,5,0.858,0.99762,0.93462,0.8559579599999999
8048370,u207044,9095232,403667,HAS_HOST_STAT,53,0.8032075471698112,0.9592584905660377,0.608211320754717,0.7704836593093627
8048370,u207044,9097738,406427,HAS_HOST_STAT,2,0.6900000000000001,0.93695,0.077,0.6464955
7752713,u29504,9097738,406427,HAS_HOST_STAT,2,0.52,0.98485,0.625,0.512122
8048370,u207044,9138755,452342,HAS_HOST_STAT,1,0.79,0.9804,0.1837,0.7745160000000001
8640411,u916774,9149498,464095,HAS_HOST_STAT,1,0.53,0.9622,0.5889,0.509966
8048370,u207044,9149498,464095,HAS_HOST_STAT,6,0.8433333333333333,0.9221333333333335,0.3999166666666667,0.7776657777777778
7882818,u99531,9149498,464095,HAS_HOST_STAT,14,0.49714285714285716,0.9481214285714286,0.42659285714285705,0.47135179591836734
8664111,u956923,9149498,464095,HAS_HOST_STAT,1,0.81,0.9201,0.7918,0.7452810000000001
7960299,u149303,9149498,464095,HAS_HOST_STAT,1,0.7,0.937,0.069,0.6559
7766454,u37877,9149498,464095,HAS_HOST_STAT,1,1.0,0.8586,0.2193,0.8586
8048370,u207044,9276798,639021,HAS_HOST_STAT,4,0.795,0.988425,0.9047000000000001,0.7857978750000001
8048370,u207044,9307270,675063,HAS_HOST_STAT,8,0.87375,0.9705625,0.50815,0.8480289843750001
8048370,u207044,9491446,948951,HAS_HOST_STAT,1,0.79,0.9322,0.6555,0.736438
8048370,u207044,9546504,1028384,HAS_HOST_STAT,4,0.8875000000000001,0.968525,0.58095,0.8595659375
8048370,u207044,9630448,1127829,HAS_HOST_STAT,1,0.85,0.8061,0.1916,0.685185
8048370,u207044,9946556,1485168,HAS_HOST_STAT,1,0.81,0.9061,0.3558,0.7339410000000001
8048370,u207044,9950732,1489876,HAS_HOST_STAT,1,0.67,0.9538,0.3388,0.639046
7709063,u6346,9950755,1489900,HAS_HOST_STAT,1,0.87,0.9994,0.9256,0.869478
8048370,u207044,9950755,1489900,HAS_HOST_STAT,1,0.91,0.9739,0.7545,0.8862490000000001
8048370,u207044,9950766,1489911,HAS_HOST_STAT,12,0.795,0.9894083333333334,0.6531916666666666,0.7865796250000001
7882818,u99531,9950766,1489911,HAS_HOST_STAT,1,0.43,0.9991,0.9056,0.42961299999999997
8048370,u207044,9950782,1489931,HAS_HOST_STAT,4,0.7725,0.945325,0.371275,0.7302635624999999
7687950,u258,9950788,1489940,HAS_HOST_STAT,1,1.0,0.835,0.5528,0.835
8048370,u207044,9950788,1489940,HAS_HOST_STAT,5,0.874,0.9980600000000001,0.9054,0.8723044400000001
8048370,u207044,10087120,1643688,HAS_HOST_STAT,3,0.8666666666666667,0.9662333333333334,0.8168666666666666,0.8374022222222223
8048370,u207044,10260777,1843489,HAS_HOST_STAT,1,0.83,0.9541,0.7742,0.7919029999999999
8048370,u207044,10302863,1890424,HAS_HOST_STAT,9,0.84,0.9088111111111111,0.4184,0.7634013333333333
8622758,u896319,10302863,1890424,HAS_HOST_STAT,2,0.895,0.9961500000000001,0.96775,0.8915542500000001
8048370,u207044,10450078,2058949,HAS_HOST_STAT,1,0.92,0.9998,0.9689,0.9198160000000001
8048370,u207044,10827134,2499411,HAS_HOST_STAT,2,0.87,0.89975,0.6113500000000001,0.7827825
8083098,u230586,10827134,2499411,HAS_HOST_STAT,1,1.0,0.8472,0.3682,0.8472
8048370,u207044,10882472,2558200,HAS_HOST_STAT,3,0.8433333333333334,0.9509,0.42816666666666664,0.8019256666666666
8048370,u207044,10990127,2682482,HAS_HOST_STAT,2,0.905,0.9962500000000001,0.88295,0.90160625
8048370,u207044,11005570,2704949,HAS_HOST_STAT,16,0.8712500000000001,0.9646874999999999,0.5382875,0.840483984375
8048370,u207044,11025236,2726947,HAS_HOST_STAT,4,0.8825,0.948075,0.712575,0.8366761875
8048370,u207044,11030243,2732414,HAS_HOST_STAT,1,0.72,0.8211,0.0024,0.591192
8385281,u547455,11030334,2732515,HAS_HOST_STAT,1,0.81,0.8627,0.7039,0.698787
8555954,u823709,11030360,2732541,HAS_HOST_STAT,3,0.7966666666666667,0.9725,0.41396666666666665,0.7747583333333334
8506236,u760703,11030360,2732541,HAS_HOST_STAT,4,0.7925,0.983325,0.261775,0.7792850625
8048370,u207044,11030360,2732541,HAS_HOST_STAT,4,0.86,0.984675,0.25965,0.8468205
8532768,u792303,11030360,2732541,HAS_HOST_STAT,1,0.66,0.9878,0.2302,0.6519480000000001
8426755,u618960,11030360,2732541,HAS_HOST_STAT,1,0.6,0.9878,0.2302,0.59268
7687950,u258,11030363,2732544,HAS_HOST_STAT,7,1.0,0.9173714285714286,0.8470857142857143,0.9173714285714286
8093342,u238237,11030363,2732544,HAS_HOST_STAT,10,0.8130000000000002,0.95051,0.846,0.7727646300000002
8124876,u259922,11030363,2732544,HAS_HOST_STAT,2,0.605,0.8423,0.21300000000000002,0.5095915
7803064,u54306,11030363,2732544,HAS_HOST_STAT,3,0.99,0.8638,0.28213333333333335,0.855162
7980725,u164307,11030363,2732544,HAS_HOST_STAT,1,0.66,0.8888,0.3679,0.586608
8555954,u823709,11030363,2732544,HAS_HOST_STAT,1,0.99,0.8074,0.2749,0.799326
8359996,u516495,11030363,2732544,HAS_HOST_STAT,1,0.99,0.8074,0.2749,0.799326
7803923,u54781,11030363,2732544,HAS_HOST_STAT,1,1.0,0.8749,0.3054,0.8749
8048370,u207044,11030363,2732544,HAS_HOST_STAT,1,0.89,0.9031,0.8178,0.803759
8507042,u761698,11030364,2732545,HAS_HOST_STAT,1,1.0,0.9998,0.6766,0.9998
8713646,u1021716,11030364,2732545,HAS_HOST_STAT,1,1.0,0.9974,0.5735,0.9974
8468863,u691399,11030364,2732545,HAS_HOST_STAT,1,0.99,0.9982,0.6348,0.9882179999999999
8561570,u831531,11030364,2732545,HAS_HOST_STAT,5,0.956,0.81676,0.06452,0.78082256
8048370,u207044,11030364,2732545,HAS_HOST_STAT,3,0.8733333333333333,0.8228333333333333,0.06296666666666667,0.7186077777777777
8048370,u207044,11161498,2887326,HAS_HOST_STAT,11,0.8254545454545457,0.9482818181818182,0.14584545454545456,0.7827635371900828
7708808,u6152,11161498,2887326,HAS_HOST_STAT,1,0.65,0.9646,0.3062,0.62699
8048370,u207044,11176787,2905377,HAS_HOST_STAT,1,0.68,0.8413,0.3516,0.572084
