,targetAppId
9606,217
256318,211
1070528,195
410658,191
749906,188
527639,156
10090,137
749907,114
408172,113
408170,103
449393,90
1176744,85
1510822,83
2173186,83
646099,79
1861841,74
9823,73
1540733,67
939928,59
1540736,57
64320,51
1561972,51
9913,50
1263854,49
9031,49
1169740,49
1325974,47
1631306,43
9544,43
1647806,41
28875,40
942017,39
9825,38
506599,37
138950,37
1213622,36
1631307,35
556182,33
1799672,32
1521111,32
412755,32
1297885,31
717931,31
12083,30
9925,29
12081,29
9940,29
1076179,28
1131769,28
4577,28
718308,27
10116,26
1118232,26
433733,26
506600,26
7955,25
7227,25
3702,24
718289,23
3847,22
1115523,22
1631310,22
410661,22
1218275,22
447426,21
9615,21
1595979,20
1631311,20
8839,20
4530,20
1235509,20
11320,20
7159,19
1850221,19
562,19
1504969,19
771787,19
4565,18
1592332,18
496923,18
11082,18
1504975,17
30521,17
9796,17
37124,17
539655,17
9541,17
2697049,17
1649191,16
1833763,16
9555,16
1711999,15
2489051,15
1234904,15
4081,14
9986,14
415978,14
10036,14
1441287,13
4932,13
1904483,13
655179,12
870726,12
1642954,12
1564682,12
7160,12
400198,12
60711,12
12637,12
145856,11
1678143,11
340016,11
169066,11
3635,11
8030,10
3329,10
59301,10
11309,10
747,10
28344,10
39947,10
1348798,9
211044,9
433727,9
4113,9
4558,9
1646512,9
1817679,9
1708701,9
1280,9
471232,8
4513,8
94232,8
3708,8
9685,8
3711,8
652676,8
11083,8
89462,8
41846,7
1775950,7
1427524,7
1627878,7
147711,7
6239,7
9612,7
903395,7
1679718,7
8022,7
11034,7
1297858,7
8932,7
39946,7
1729361,7
410659,7
9483,7
1236744,7
382835,7
3760,7
77133,7
7959,7
4442,7
59463,7
27706,6
59479,6
496924,6
44158,6
470,6
11287,6
4097,6
11021,6
3750,6
128017,6
11234,6
1792145,6
433724,6
1154581,6
1593443,6
2651591,6
1602388,6
2509479,6
217165,6
11276,6
28901,6
2509511,6
11520,6
12287,6
1441288,6
538121,6
7175,6
9545,6
186538,6
1436733,6
38727,6
1670606,6
37012,6
439488,5
94328,5
496922,5
10029,5
1234273,5
3218,5
8296,5
8090,5
7957,5
60710,5
1773,5
51953,5
9646,5
1632839,5
197911,5
1206366,5
1799687,5
98310,5
6687,5
1311626,5
9974,5
95602,5
128810,5
142786,5
88730,5
9915,5
5833,5
42789,5
47681,5
8255,5
527640,5
1583376,5
9669,5
110193,5
565995,5
444185,5
11137,5
10042,5
8128,5
55986,5
35924,5
9683,5
1338477,5
1202446,5
1549736,5
1699855,5
83906,5
1851193,5
9597,5
6645,5
2560602,5
4432,5
427924,5
447135,5
1227552,5
9430,5
5691,5
1163772,5
2705415,4
3483,4
54971,4
365059,4
59655,4
1580551,4
185891,4
1639,4
3747,4
511145,4
1869227,4
3414,4
73154,4
11246,4
11029,4
9863,4
1670605,4
4072,4
31033,4
40559,4
185935,4
10923,4
34613,4
8843,4
100897,4
42344,4
220873,4
90988,4
666,4
4555,4
412757,4
7108,4
46745,4
5811,4
75184,4
2214,4
37347,4
119488,4
2912269,4
12110,4
10114,4
3654,4
1427740,4
2790308,4
1676987,4
515817,4
8855,4
249588,4
3880,4
7165,4
56038,4
6253,4
11983,4
1313,4
8154,4
75348,4
3659,4
494514,4
12814,4
2592666,4
58824,4
665102,4
290402,4
40052,4
147672,4
4236,4
13735,4
11060,4
702656,4
9534,4
94219,4
3701,4
11036,4
1284368,4
208964,4
444079,4
79674,4
4120,4
837,4
1898966,4
422564,4
662107,4
570,4
7460,4
1710357,4
307972,4
215358,4
30522,4
13616,4
4233,4
93061,4
9103,4
6526,4
38705,4
2809082,4
1423,4
1570291,3
5821,3
185921,3
3494,3
30069,3
109274,3
904678,3
192382,3
460809,3
74940,3
90371,3
9030,3
2544991,3
508668,3
12131,3
12130,3
387934,3
217619,3
1913642,3
93132,3
452646,3
9739,3
6728,3
84645,3
1518534,3
1519372,3
330961,3
3818,3
2813651,3
6432,3
2232072,3
3689,3
78535,3
3983,3
62698,3
7461,3
4952,3
11033,3
496921,3
9159,3
331036,3
258941,3
244447,3
46018,3
498019,3
12062,3
11620,3
128735,3
77009,3
146134,3
1675540,3
74649,3
153559,3
1765,3
11020,3
9160,3
214697,3
1082480,3
45638,3
168172,3
115357,3
74648,3
4146,3
85571,3
8376,3
105785,3
38626,3
74926,3
930945,3
4100,3
3369,3
452919,3
232441,3
2516875,3
1077528,3
6087,3
385388,3
861189,3
105147,3
233458,3
5476,3
79643,3
9598,3
1391574,3
3878,3
4686,3
8386,3
45474,3
10129,3
4930,3
11978,3
4547,3
89399,3
1428,3
4498,3
112526,3
10047,3
8845,3
108931,3
1561973,3
64902,3
10092,3
326968,3
3707,3
94286,3
538123,3
5697,3
9983,3
10239,3
9755,3
7965,3
50023,3
29760,3
6182,3
65426,3
2711,3
3827,3
75985,3
30640,3
1613,3
10088,3
4082,3
1070537,3
1300146,3
1804158,3
5059,3
1335591,3
1616037,3
93934,3
1874687,3
499232,3
1417798,3
6359,3
56046,3
52638,3
49442,3
54800,3
45384,3
8032,3
32201,3
3197,3
37690,3
4922,3
1262161,3
287,3
48386,3
51351,3
11019,3
198431,3
121845,3
3766,3
210,3
37268,3
38785,3
3562,3
2706,3
10160,3
2591363,3
42229,3
45949,3
3726,3
3634,3
39750,3
3498,3
1128331,3
62324,3
9870,3
1159185,3
144034,3
1447863,3
381124,3
53275,3
515177,3
67938,3
8005,3
161253,3
3712,3
12908,3
7240,3
7091,3
315492,3
3328,3
82541,3
6210,3
74873,3
162145,3
382,3
6837,3
11089,3
74613,3
1159556,3
1007316,3
112509,3
11070,3
1206364,3
129788,3
1774142,3
9539,3
9793,3
4529,3
11292,3
170187,3
142686,3
3627,3
9627,3
4688,3
41857,3
35525,3
50507,3
8730,2
9891,2
93759,2
185453,2
158456,2
3716,2
37623,2
126660,2
10060,2
28141,2
34508,2
61970,2
1256227,2
481892,2
10117,2
194564,2
684658,2
608708,2
3343,2
2665993,2
9407,2
88082,2
43179,2
412754,2
1961830,2
121774,2
110368,2
293821,2
30331,2
8735,2
8743,2
1224,2
48139,2
8737,2
93504,2
42806,2
4927,2
93758,2
459176,2
9565,2
59305,2
3690,2
29679,2
9397,2
45029,2
36674,2
405916,2
2034148,2
641374,2
8019,2
35608,2
52904,2
6661,2
5627,2
538958,2
13824,2
45954,2
55720,2
7892,2
197043,2
133901,2
277944,2
2448356,2
219677,2
104759,2
13095,2
3078,2
69404,2
378086,2
85692,2
2666068,2
203717,2
44386,2
161934,2
66096,2
337810,2
10149,2
3695,2
2905663,2
637490,2
1820040,2
1704045,2
27807,2
13422,2
931557,2
9858,2
4443,2
1263146,2
31704,2
168631,2
149539,2
8439,2
182333,2
450940,2
218851,2
45101,2
2337533,2
432259,2
38674,2
62615,2
1706337,2
59677,2
34458,2
229543,2
132548,2
4084,2
27457,2
4785,2
30637,2
48849,2
9657,2
8400,2
191418,2
3754,2
2797159,2
33013,2
65558,2
7263,2
75042,2
68,2
10886,2
1891173,2
1794826,2
9894,2
885331,2
69822,2
139,2
1735272,2
474922,2
2169701,2
36596,2
1642408,2
4102,2
9605,2
8782,2
40233,2
2080241,2
1314,2
142615,2
409609,2
713888,2
9402,2
42415,2
5315,2
2822231,2
191431,2
189913,2
27689,2
1653169,2
85708,2
44668,2
2829,2
5850,2
3908,2
282163,2
40324,2
1404,2
37602,2
9874,2
218467,2
12730,2
1678145,2
6999,2
940481,2
9678,2
573508,2
516549,2
102833,2
11086,2
208348,2
285846,2
30177,2
37717,2
42192,2
37334,2
86794,2
523103,2
28526,2
437162,2
2517771,2
2169991,2
264730,2
12092,2
696360,2
2560525,2
257879,2
2053188,2
214486,2
6938,2
5807,2
7386,2
1682,2
94630,2
41261,2
10068,2
354439,2
52714,2
12060,2
2065263,2
104385,2
1263,2
79684,2
7137,2
4006,2
588596,2
1654787,2
27602,2
95912,2
126618,2
445787,2
4556,2
10141,2
39767,2
627025,2
82746,2
49198,2
143292,2
12059,2
141186,2
43346,2
52451,2
9460,2
7425,2
106299,2
300112,2
122929,2
91752,2
155864,2
7107,2
185910,2
1748545,2
746128,2
2894426,2
515176,2
150904,2
185902,2
221254,2
152496,2
2562239,2
418370,2
1306859,2
38527,2
92525,2
44131,2
186540,2
6850,2
185909,2
265785,2
13427,2
1540818,2
633097,2
27622,2
176946,2
5702,2
5694,2
51453,2
8355,2
13419,2
159736,2
3693,2
30520,2
80379,2
456999,2
7217,2
52838,2
74718,2
595,2
1449541,2
2045283,2
68888,2
192196,2
1980456,2
1140,2
31604,2
76912,2
879823,2
348013,2
1761477,2
1677794,2
64606,2
153471,2
383379,2
5692,2
64700,2
42254,2
8524,2
64286,2
10798,2
2590492,2
4111,2
195632,2
263515,2
5180,2
5911,2
738,2
34802,2
109281,2
391180,2
1546178,2
28295,2
413952,2
41486,2
90370,2
215681,2
1307,2
3415,2
727959,2
238572,2
1604590,2
148545,2
4460,2
29159,2
3882,2
9447,2
410662,2
43700,2
4787,2
47906,2
1093616,2
75329,2
2045227,2
10093,2
1502,2
1981201,2
1351,2
57918,2
148998,2
221166,2
42892,2
3656,2
72036,2
118781,2
591936,2
880440,2
262757,2
3832,2
595395,2
670,2
101014,2
109461,2
13288,2
85552,2
1777983,2
29706,2
120290,2
225117,2
1776495,2
3662,2
130011,2
3767,2
118140,2
208863,2
195,2
6579,2
1178271,2
3746,2
3694,2
3668,2
55281,2
309978,2
343904,2
42433,2
1500961,2
1061,2
38111,2
9822,2
3088,2
1522430,2
167337,2
91021,2
5759,2
1735564,2
32469,2
408171,2
10096,2
185928,2
70149,2
2850,2
99837,2
91201,2
224308,2
3055,2
317,2
1091402,2
240449,2
621456,2
99658,2
337181,2
11047,2
564368,2
871300,2
88925,2
93883,2
29655,2
663,2
206143,2
1282012,2
1890690,2
83386,2
246437,2
61394,2
7753,2
66434,2
392227,2
161589,2
2509509,2
1541066,2
1346744,2
5861,2
2508183,2
34882,2
310915,2
11053,2
6689,2
1518171,2
101841,2
112615,2
35657,2
1247190,2
248454,2
6565,2
27890,2
77932,2
1564456,2
81732,2
81971,2
1284382,2
39086,2
259647,2
449980,2
1781,2
11138,2
146921,2
66402,2
1239565,2
55810,2
1335626,2
49681,2
100272,2
2448283,2
59818,2
2691584,2
2900491,2
90396,2
15368,2
12072,2
7113,2
51062,2
413997,2
400237,2
348011,2
37349,2
882,2
1768876,2
292278,2
29924,2
1491507,2
3649,2
4896,2
6211,2
40692,2
192199,2
29930,2
47230,2
29780,2
100226,2
1699721,2
197,2
124750,2
40151,2
77065,2
1282,2
348008,2
48479,2
46704,2
5353,2
1945556,2
3555,2
9371,2
69266,2
63459,2
80869,2
161592,2
2502994,2
308085,2
4909,2
13164,2
27292,2
3696,2
157791,2
34609,2
559292,2
3713,2
3357,2
1542223,2
1326787,2
4567,2
630221,2
60746,2
853,2
7962,2
8036,2
519039,2
2014073,2
1652675,2
327892,2
260499,2
246196,2
2448286,2
199225,2
1928434,2
41568,2
82213,2
9238,2
1672641,2
2843217,2
193079,2
10181,2
3879,2
10345,2
54126,1
9900,1
1232264,1
242619,1
278976,1
29029,1
103866,1
29449,1
1565494,1
2605294,1
102211,1
79339,1
206307,1
5570,1
111923,1
1308603,1
109280,1
106130,1
7067,1
4615,1
70001,1
4108,1
2584083,1
29583,1
246409,1
263140,1
6848,1
1187072,1
111810,1
2736726,1
58291,1
1885031,1
881891,1
88498,1
35862,1
31198,1
597422,1
101596,1
59490,1
2784497,1
2736724,1
1808295,1
254363,1
451070,1
53246,1
7740,1
1849377,1
704171,1
34740,1
55983,1
32603,1
5076,1
2972949,1
65128,1
5670,1
39449,1
143603,1
125868,1
2784517,1
168613,1
194843,1
2743407,1
223409,1
6326,1
76219,1
460155,1
1076,1
29674,1
475907,1
6184,1
1567481,1
257463,1
66713,1
260615,1
337630,1
2710933,1
92724,1
1631832,1
316456,1
72011,1
492670,1
186058,1
2784469,1
283133,1
2608033,1
296561,1
7906,1
929458,1
1993908,1
2563960,1
127379,1
2303173,1
7041,1
689058,1
47073,1
35523,1
9749,1
980415,1
389133,1
46766,1
122355,1
39293,1
104758,1
9696,1
2448410,1
294746,1
112209,1
7950,1
419612,1
337075,1
89636,1
6336,1
45314,1
51300,1
2855397,1
2093647,1
46720,1
55182,1
28454,1
1255,1
4522,1
82327,1
3311,1
115425,1
4679,1
51350,1
441023,1
146132,1
190747,1
1764,1
224352,1
39432,1
1047136,1
1585794,1
63433,1
50225,1
2606606,1
1729141,1
1442378,1
29471,1
240451,1
146811,1
4407,1
1352,1
10089,1
28762,1
633653,1
1424507,1
141264,1
283878,1
2563956,1
2171618,1
1830148,1
9592,1
2916551,1
1842066,1
133101,1
13347,1
1816089,1
573729,1
295837,1
269796,1
101364,1
3821,1
9742,1
872333,1
397056,1
10103,1
260995,1
262728,1
668,1
7888,1
63589,1
1938788,1
2692843,1
2773986,1
1263966,1
864006,1
373120,1
2080965,1
36636,1
248952,1
344752,1
569774,1
3759,1
2034847,1
8739,1
330008,1
74647,1
133117,1
6741,1
992940,1
1825973,1
13037,1
47205,1
672223,1
88556,1
161,1
6106,1
102107,1
549,1
171916,1
31199,1
1519619,1
377586,1
184743,1
472963,1
638923,1
58060,1
2894311,1
509534,1
2773981,1
58334,1
42100,1
3349,1
39350,1
6100,1
7936,1
84702,1
1907230,1
376710,1
113103,1
64802,1
38596,1
110909,1
4066,1
53042,1
274614,1
73574,1
2726048,1
34254,1
330951,1
310910,1
162038,1
1847,1
239364,1
1713627,1
1174673,1
78721,1
2786,1
6858,1
82310,1
436086,1
1588881,1
29883,1
367830,1
59476,1
1114792,1
1337666,1
8018,1
5763,1
7757,1
1044961,1
303135,1
206115,1
141911,1
39513,1
150431,1
302047,1
148094,1
203993,1
69332,1
5664,1
879819,1
1899497,1
51298,1
74535,1
1854472,1
40127,1
88079,1
2282171,1
2587489,1
2048281,1
665518,1
941795,1
37344,1
1265417,1
320797,1
3348,1
229365,1
483425,1
5855,1
2137825,1
5340,1
2930476,1
2500531,1
2448408,1
1294204,1
32278,1
42636,1
190802,1
241309,1
165353,1
2723884,1
345073,1
4571,1
139047,1
334542,1
5970,1
40302,1
35938,1
1288010,1
9689,1
1628638,1
2563905,1
2777036,1
31302,1
798071,1
172271,1
2994495,1
2494256,1
7111,1
1943627,1
2784499,1
5322,1
2706150,1
13730,1
1252,1
681484,1
9672,1
153319,1
2784472,1
46147,1
37682,1
72088,1
2019372,1
3353,1
64102,1
1928916,1
4540,1
630703,1
8056,1
34829,1
9999,1
132113,1
1281737,1
162168,1
860324,1
730,1
345920,1
37653,1
2722703,1
59586,1
123683,1
16922,1
2293329,1
52153,1
3758,1
1195127,1
103855,1
192222,1
5062,1
2930470,1
1069201,1
23207,1
53326,1
5874,1
34816,1
1408451,1
30064,1
2563322,1
8729,1
2563932,1
150808,1
95601,1
161252,1
2784508,1
645463,1
334908,1
312531,1
305,1
29656,1
3870,1
391904,1
7739,1
1053288,1
56115,1
6396,1
65489,1
263549,1
3906,1
1257004,1
1987534,1
1500003,1
2784504,1
15367,1
242763,1
452789,1
2773976,1
78168,1
122851,1
3435,1
285950,1
586396,1
4545,1
285811,1
435999,1
2945,1
2881372,1
2563915,1
29598,1
1148796,1
1561020,1
4024,1
339671,1
1987526,1
29875,1
571087,1
3046,1
569628,1
215539,1
558755,1
77912,1
576189,1
1218,1
3988,1
517426,1
13216,1
5480,1
3888,1
76306,1
416556,1
378071,1
8773,1
3625,1
33412,1
2608348,1
931571,1
823,1
27334,1
2654009,1
38772,1
2972449,1
8479,1
52100,1
8746,1
34839,1
194,1
36329,1
1685930,1
175792,1
7719,1
244711,1
1507135,1
1352929,1
40370,1
1545118,1
146777,1
329032,1
946046,1
491078,1
2015917,1
90069,1
326423,1
28197,1
50429,1
121343,1
4519,1
506474,1
52443,1
52237,1
77606,1
573,1
1221322,1
455434,1
1769,1
1132577,1
40690,1
611590,1
234690,1
2448409,1
35708,1
2053176,1
2715852,1
110931,1
68287,1
1549733,1
266091,1
4397,1
7373,1
63155,1
644223,1
2784505,1
1561998,1
144042,1
38846,1
73501,1
223981,1
33409,1
224171,1
223283,1
9767,1
118699,1
265543,1
203583,1
61378,1
88682,1
192881,1
182785,1
9182,1
212090,1
45351,1
68771,1
1540734,1
52970,1
43171,1
451516,1
1810923,1
171599,1
83552,1
774,1
89252,1
1684967,1
419294,1
110072,1
184440,1
161923,1
49266,1
28189,1
54731,1
215349,1
881204,1
128022,1
33125,1
27794,1
1047088,1
394676,1
2650099,1
1809,1
49956,1
117187,1
3347,1
256108,1
240832,1
613112,1
3352,1
200751,1
260674,1
2899577,1
286,1
5052,1
86643,1
110835,1
1134687,1
345580,1
2773977,1
404790,1
63436,1
28977,1
42526,1
9135,1
131240,1
206008,1
4564,1
762772,1
1554469,1
3673,1
40481,1
86303,1
32022,1
358665,1
338206,1
881,1
478635,1
113334,1
283855,1
52375,1
41554,1
61853,1
305658,1
1482869,1
256138,1
4212,1
587069,1
4641,1
240448,1
39329,1
9902,1
1289542,1
82528,1
1148,1
13748,1
5199,1
71119,1
698544,1
72248,1
1491186,1
4685,1
910258,1
1071398,1
57743,1
676247,1
2448417,1
39324,1
296587,1
68728,1
2885242,1
2033032,1
121543,1
32597,1
2011160,1
60172,1
2666296,1
175797,1
28513,1
1902,1
34199,1
49495,1
38872,1
2704026,1
377125,1
103351,1
2784466,1
46689,1
47621,1
2784484,1
934828,1
2784516,1
67534,1
2716527,1
61388,1
67763,1
2487351,1
53751,1
1381933,1
372321,1
591214,1
406736,1
2867405,1
180675,1
36177,1
160864,1
9809,1
1770,1
99287,1
268709,1
442694,1
38033,1
9091,1
27933,1
89673,1
661339,1
382119,1
187371,1
2978608,1
1906673,1
161925,1
1930664,1
156436,1
587666,1
679895,1
2338240,1
68415,1
4232,1
5382,1
109591,1
1125397,1
1308,1
50426,1
408169,1
74364,1
192920,1
126373,1
2751,1
168,1
1933216,1
165460,1
317513,1
938273,1
2448413,1
334891,1
80870,1
9904,1
6973,1
451804,1
84607,1
566566,1
73031,1
52471,1
573658,1
3714,1
145522,1
881836,1
155900,1
84382,1
2026252,1
380021,1
4606,1
1322345,1
203050,1
1888,1
6523,1
564608,1
32247,1
235443,1
151069,1
194253,1
47770,1
1603214,1
28511,1
176265,1
39367,1
1521116,1
216994,1
1402,1
2021368,1
7173,1
83333,1
4911,1
1027801,1
175694,1
1128429,1
34739,1
140872,1
1926875,1
173423,1
93385,1
56733,1
2099838,1
242124,1
103600,1
8996,1
8326,1
784,1
7038,1
2052801,1
2614610,1
229533,1
112782,1
300111,1
2652724,1
518689,1
36212,1
318063,1
48193,1
1515737,1
81056,1
1772,1
113456,1
90675,1
178876,1
4929,1
188299,1
108875,1
46478,1
96640,1
2774003,1
361644,1
318829,1
101011,1
44689,1
1696520,1
3914,1
80365,1
86550,1
67593,1
460784,1
22663,1
945839,1
1382366,1
61156,1
4500,1
206427,1
330909,1
233271,1
1594593,1
328639,1
983339,1
71608,1
2608358,1
37032,1
1447940,1
170000,1
35846,1
51832,1
1798876,1
2717699,1
48784,1
29917,1
4538,1
37919,1
2496670,1
979525,1
56615,1
9643,1
257771,1
41833,1
2301634,1
83771,1
92904,1
7375,1
64518,1
191124,1
437603,1
30427,1
92927,1
2802064,1
240163,1
2364126,1
11011,1
38833,1
114398,1
880717,1
2900494,1
91920,1
227741,1
268291,1
578476,1
141467,1
906689,1
75038,1
267555,1
589504,1
623738,1
34570,1
8846,1
124778,1
2301731,1
1502734,1
154827,1
9509,1
1553682,1
83772,1
2773989,1
1005962,1
555,1
552838,1
141458,1
295660,1
75750,1
30194,1
1914952,1
101101,1
441215,1
1283,1
986714,1
1290916,1
73275,1
56216,1
71668,1
62977,1
2099843,1
166420,1
3860,1
69240,1
233155,1
1438980,1
121138,1
28031,1
2293838,1
5632,1
1633205,1
39388,1
116130,1
2038294,1
423510,1
627343,1
1807462,1
384069,1
693153,1
185890,1
1843192,1
3557,1
36808,1
755351,1
2316892,1
1311,1
246834,1
224144,1
208223,1
84335,1
929705,1
197152,1
1578134,1
2067809,1
2491184,1
2563923,1
3749,1
106556,1
979761,1
1570313,1
91375,1
121624,1
2675248,1
2950588,1
6118,1
1794825,1
1365886,1
71854,1
492770,1
119829,1
7937,1
35925,1
215229,1
59680,1
1874342,1
4781,1
2053167,1
435225,1
93036,1
362933,1
1434724,1
454749,1
2496795,1
77223,1
2774008,1
188297,1
230985,1
272562,1
36185,1
1554467,1
82257,1
2885238,1
171918,1
2773975,1
13336,1
1871351,1
2099724,1
41220,1
1219466,1
128002,1
2654341,1
2559604,1
2773968,1
3486,1
2962032,1
8720,1
2721627,1
2590525,1
2600135,1
2598973,1
13821,1
9731,1
319348,1
201217,1
1810916,1
34842,1
23211,1
9644,1
2784471,1
2042057,1
271505,1
16924,1
181674,1
103485,1
627230,1
296555,1
2589051,1
913012,1
9844,1
2135241,1
2782592,1
151439,1
2768810,1
72,1
5599,1
558553,1
65129,1
2784507,1
2104,1
2559616,1
152013,1
2663097,1
475932,1
109636,1
33113,1
192012,1
5016,1
160,1
904990,1
34790,1
55340,1
5802,1
377920,1
439314,1
397652,1
2490807,1
4527,1
146808,1
51631,1
2651328,1
2719587,1
28737,1
2784473,1
50278,1
47929,1
2720891,1
30076,1
354242,1
205083,1
2830905,1
7764,1
72664,1
48233,1
65991,1
50003,1
452963,1
158441,1
1956344,1
1586247,1
2784506,1
10085,1
408,1
2579763,1
4182,1
1954208,1
72864,1
2650070,1
1701194,1
129392,1
56267,1
1759406,1
34297,1
1807475,1
1514954,1
2563900,1
1661029,1
1658780,1
160734,1
176248,1
48245,1
1227812,1
2794217,1
77794,1
35128,1
56905,1
777,1
61980,1
43347,1
34903,1
2773991,1
131567,1
267375,1
102329,1
1409,1
503033,1
3719,1
5270,1
149387,1
397178,1
1891767,1
2714341,1
225400,1
1955532,1
2784470,1
9897,1
2883205,1
460519,1
82789,1
591946,1
8351,1
2562237,1
30374,1
1540031,1
262913,1
1740721,1
299285,1
138706,1
40381,1
399782,1
3527,1
2480587,1
308606,1
107608,1
212713,1
37190,1
1455666,1
466955,1
219609,1
136221,1
817,1
2316508,1
184578,1
90247,1
1449339,1
2026187,1
1967841,1
2773979,1
706668,1
41139,1
2773987,1
152409,1
81491,1
75702,1
2135238,1
255621,1
1954213,1
2676786,1
40171,1
202918,1
768066,1
291259,1
1080349,1
2675252,1
1496333,1
323663,1
314137,1
2211357,1
2563955,1
2930472,1
1593249,1
2563949,1
176174,1
121720,1
56716,1
40693,1
5544,1
2582415,1
2725,1
2602361,1
1249515,1
29065,1
9675,1
586722,1
1960596,1
61742,1
2337737,1
863988,1
8319,1
329904,1
753262,1
876074,1
11976,1
186110,1
16107,1
1871931,1
703591,1
1603556,1
797268,1
863634,1
468822,1
2337324,1
1582074,1
2337304,1
1698289,1
2337626,1
2977098,1
648806,1
312200,1
1112393,1
1487931,1
795148,1
28909,1
1249655,1
6945,1
485,1
1930242,1
89656,1
385678,1
68408,1
311461,1
5875,1
381198,1
1276923,1
122625,1
1507522,1
1924565,1
133065,1
576552,1
2315801,1
645005,1
2715464,1
553858,1
182988,1
732109,1
205920,1
34615,1
35511,1
181088,1
1112385,1
1504303,1
4202,1
49087,1
2528855,1
2961672,1
1112479,1
300521,1
2080908,1
153251,1
343691,1
2907234,1
37711,1
52639,1
195849,1
4837,1
414876,1
172646,1
154291,1
2899559,1
1112495,1
2003132,1
239935,1
59324,1
43109,1
28381,1
58041,1
2337627,1
489260,1
88027,1
2511325,1
53022,1
2337803,1
2590512,1
2337791,1
1112402,1
2337484,1
6337,1
47506,1
188996,1
1112416,1
716557,1
411081,1
120006,1
1325293,1
343530,1
2341116,1
88149,1
53146,1
211488,1
9801,1
1112433,1
128040,1
500641,1
384654,1
2792819,1
2774005,1
1330520,1
74654,1
90261,1
611707,1
1418687,1
45270,1
109177,1
2590500,1
239685,1
561267,1
309804,1
180068,1
261449,1
165376,1
107243,1
196120,1
126278,1
926005,1
1177618,1
126957,1
1897137,1
437488,1
80907,1
2337608,1
133113,1
479288,1
245079,1
146810,1
58530,1
2922986,1
60450,1
4329,1
34387,1
213405,1
101571,1
212402,1
306041,1
753170,1
645159,1
8328,1
1101063,1
1396488,1
2045217,1
30201,1
644356,1
371454,1
3764,1
2559611,1
190712,1
218760,1
2773983,1
358,1
105581,1
208224,1
2784494,1
270986,1
29667,1
2744234,1
118854,1
859984,1
3586,1
1871176,1
435897,1
756982,1
72124,1
72658,1
880189,1
2086280,1
2899876,1
8218,1
2607682,1
288524,1
30208,1
138288,1
300413,1
171594,1
76374,1
9783,1
1553852,1
54860,1
9601,1
46271,1
53173,1
212058,1
93167,1
478423,1
932105,1
2173169,1
2784488,1
435155,1
173849,1
2784500,1
90345,1
214851,1
2500521,1
556037,1
109635,1
34256,1
4013,1
2823067,1
45171,1
118886,1
1736659,1
2778884,1
2509500,1
291302,1
67937,1
2337701,1
50024,1
10112,1
37010,1
105297,1
581074,1
30415,1
6852,1
265619,1
92733,1
105503,1
1719624,1
187695,1
74645,1
29722,1
48498,1
1758763,1
305820,1
208206,1
1579,1
347,1
438,1
2602438,1
42645,1
1811419,1
328532,1
9172,1
693772,1
938171,1
2548332,1
66383,1
262287,1
27496,1
2806551,1
85179,1
36239,1
7070,1
72171,1
461120,1
34515,1
130672,1
2606602,1
32260,1
3993,1
1569704,1
31138,1
1766428,1
327704,1
1908692,1
2602928,1
283031,1
1789138,1
1789149,1
4414,1
1885030,1
1045499,1
82747,1
290404,1
173247,1
64575,1
273503,1
30357,1
85800,1
36202,1
145971,1
294733,1
3633,1
2060913,1
2746538,1
50390,1
61281,1
75040,1
83332,1
422285,1
2784475,1
488910,1
139045,1
6055,1
7604,1
582580,1
341544,1
4098,1
105696,1
223753,1
41803,1
670595,1
64459,1
407979,1
1590,1
2930478,1
71139,1
104341,1
2544879,1
28841,1
178107,1
82538,1
447689,1
45326,1
573039,1
9852,1
416870,1
6130,1
1848293,1
79220,1
41228,1
2563971,1
219539,1
2784490,1
2587412,1
356909,1
13649,1
4151,1
111304,1
212056,1
212082,1
1224206,1
282301,1
2018661,1
171250,1
500234,1
75711,1
89585,1
1767016,1
126418,1
66815,1
60419,1
1196215,1
163135,1
331299,1
53230,1
47083,1
62330,1
2930473,1
54477,1
1396,1
171823,1
50417,1
1353009,1
2717289,1
927669,1
72542,1
115816,1
2713441,1
1113323,1
2038297,1
85980,1
1395607,1
154046,1
1051072,1
987449,1
185578,1
1508112,1
96538,1
1799609,1
65561,1
12074,1
1042228,1
669661,1
2801,1
39347,1
315336,1
5699,1
2715050,1
2916547,1
109479,1
2902008,1
126859,1
3310,1
48561,1
240156,1
35875,1
394503,1
4060,1
399653,1
714503,1
9989,1
9760,1
2496664,1
510188,1
143403,1
3522,1
548,1
6573,1
1299114,1
180763,1
156515,1
1964331,1
1873508,1
50733,1
59474,1
33892,1
186535,1
244366,1
1598,1
5499,1
3563,1
329854,1
1117135,1
47431,1
52641,1
59788,1
860918,1
56029,1
4085,1
241073,1
48568,1
158928,1
254926,1
101480,1
68268,1
2919305,1
2448412,1
3848,1
8364,1
1679284,1
2563100,1
657015,1
1430,1
43150,1
488446,1
110752,1
7656,1
218797,1
43925,1
90388,1
1616999,1
59894,1
1520,1
5643,1
238696,1
2784513,1
143302,1
977937,1
36774,1
271017,1
104452,1
230806,1
6189,1
48664,1
662376,1
2559605,1
242507,1
10407,1
143995,1
286306,1
34305,1
151553,1
2930471,1
30191,1
315349,1
1076256,1
2065426,1
293387,1
2723058,1
342617,1
301703,1
35554,1
230172,1
1499945,1
75706,1
5041,1
1051067,1
1848041,1
45690,1
8496,1
74829,1
42839,1
35024,1
93163,1
39448,1
3915,1
2666295,1
2784489,1
94400,1
9935,1
1940403,1
2582708,1
152507,1
122318,1
185825,1
61278,1
423610,1
9611,1
468142,1
314565,1
51031,1
184426,1
195883,1
2881371,1
29092,1
73172,1
2080865,1
3624,1
221822,1
2233914,1
482537,1
3981,1
41882,1
59473,1
98746,1
63121,1
1101180,1
28584,1
475836,1
69820,1
53159,1
27722,1
340022,1
42413,1
681432,1
336183,1
2746493,1
38293,1
9838,1
122810,1
41045,1
7074,1
303,1
43080,1
2608716,1
2608332,1
2650779,1
2784462,1
1628675,1
27350,1
31276,1
2302907,1
33658,1
47678,1
61284,1
101497,1
1840588,1
1337163,1
198112,1
5661,1
2930474,1
2003426,1
217634,1
8758,1
8731,1
9883,1
44709,1
284740,1
41574,1
593793,1
1392,1
6564,1
64467,1
61620,1
35122,1
36200,1
306554,1
61366,1
2784496,1
47963,1
887860,1
186751,1
349718,1
181073,1
169963,1
3674,1
77057,1
1131899,1
2784503,1
2594501,1
1439707,1
2804506,1
2572650,1
320322,1
180498,1
866555,1
2749025,1
313031,1
132961,1
2590455,1
263550,1
420250,1
142080,1
2596810,1
2788,1
10137,1
8260,1
7998,1
9361,1
2590508,1
83554,1
70433,1
1370066,1
13547,1
62141,1
143659,1
2545258,1
3893,1
81343,1
2763193,1
1162393,1
162425,1
182669,1
1458900,1
2203213,1
43146,1
1221321,1
1681198,1
2016123,1
2058621,1
117010,1
1940789,1
10044,1
4588,1
8502,1
36812,1
8733,1
120472,1
662956,1
39778,1
2801325,1
386086,1
1779382,1
4086,1
2761431,1
6185,1
164851,1
290513,1
85445,1
12211,1
2563929,1
2784514,1
2784492,1
1670830,1
451078,1
665079,1
221309,1
395993,1
2080906,1
669084,1
7426,1
2582914,1
537798,1
225302,1
455045,1
154765,1
7300,1
2979605,1
108123,1
43777,1
984131,1
63699,1
206669,1
83307,1
293,1
5334,1
176173,1
28545,1
138984,1
47665,1
2484170,1
68730,1
42345,1
118580,1
203124,1
36936,1
4362,1
1931379,1
288519,1
2696922,1
43166,1
5208,1
109293,1
2773985,1
2448284,1
940279,1
5988,1
5871,1
55057,1
38865,1
240822,1
113636,1
58237,1
765953,1
87148,1
9733,1
134763,1
2583500,1
176181,1
80956,1
1218281,1
486398,1
2950577,1
876679,1
55188,1
34513,1
28049,1
6187,1
1591422,1
58002,1
71647,1
157728,1
1780352,1
39269,1
263965,1
302913,1
46793,1
2559610,1
175339,1
9716,1
2773984,1
2590520,1
864183,1
743375,1
540787,1
457830,1
934967,1
1618200,1
29719,1
9707,1
1045436,1
182062,1
72407,1
103537,1
2563936,1
143606,1
1825055,1
1532552,1
263671,1
62061,1
2789333,1
863972,1
2302846,1
1813181,1
1299,1
176275,1
4582,1
9355,1
1388773,1
2563899,1
175245,1
2045451,1
2843,1
240906,1
2950585,1
51060,1
80863,1
205691,1
422203,1
115081,1
2675250,1
1220549,1
2608337,1
658473,1
1328066,1
259618,1
2590517,1
2773965,1
625351,1
2172545,1
122218,1
2841647,1
64884,1
37296,1
1884818,1
9970,1
2774000,1
114194,1
2773992,1
1663905,1
987985,1
9408,1
63577,1
2773967,1
1134458,1
2740159,1
186148,1
45172,1
112171,1
1927706,1
2806880,1
1572656,1
1537670,1
2563907,1
2559617,1
240818,1
29695,1
244472,1
684837,1
13397,1
2563946,1
709029,1
38588,1
9840,1
178606,1
1641034,1
295327,1
858759,1
100787,1
568708,1
1194120,1
2172532,1
394751,1
53552,1
2822149,1
47427,1
85954,1
75352,1
2563924,1
198215,1
2885239,1
8362,1
118079,1
2899568,1
2773996,1
4441,1
223429,1
2170276,1
1287507,1
121546,1
568785,1
47082,1
984136,1
1774208,1
71382,1
1195655,1
2598068,1
989973,1
5053,1
64495,1
2696924,1
1245746,1
35845,1
413010,1
80661,1
7445,1
107308,1
296719,1
2593991,1
41210,1
1181720,1
479659,1
12965,1
48593,1
29058,1
1763544,1
358452,1
1757789,1
1757626,1
1757786,1
1757868,1
1757523,1
1757869,1
1757629,1
1757754,1
1757820,1
1757872,1
1757782,1
1757519,1
1757827,1
1757634,1
1757744,1
1757814,1
1757422,1
1757504,1
1757506,1
1757778,1
1757745,1
1757512,1
1757747,1
1757750,1
1757810,1
1757776,1
1757628,1
1757568,1
1757707,1
1757813,1
1757801,1
1757287,1
1757819,1
1757719,1
1757434,1
1757729,1
1757646,1
1757712,1
1757445,1
1757579,1
1757759,1
1757642,1
1757587,1
1757543,1
1757672,1
1757591,1
1757544,1
1757806,1
1757585,1
1757700,1
1757724,1
1757198,1
105273,1
1757503,1
1757633,1
1757517,1
1757821,1
1757753,1
1757562,1
1757566,1
1757866,1
1757623,1
1757637,1
1757741,1
1757718,1
1757514,1
1757602,1
1757622,1
1757560,1
1757492,1
1757613,1
1757878,1
1757781,1
1757788,1
1757640,1
1757635,1
1757811,1
1757794,1
1757524,1
1757864,1
1757798,1
1757740,1
1757526,1
1757779,1
1757599,1
1757861,1
1757567,1
1757641,1
1757630,1
1757823,1
1757818,1
1757816,1
1757621,1
1757812,1
1757510,1
1757500,1
1757711,1
1757799,1
1757743,1
1757625,1
1757790,1
1757507,1
1757793,1
1757518,1
1757527,1
1757515,1
1757726,1
1757639,1
1757809,1
1757632,1
1757558,1
1757791,1
1757836,1
1757536,1
1757559,1
1757624,1
1757432,1
1757783,1
1757511,1
1757775,1
1757645,1
1757627,1
1757709,1
1757556,1
1757688,1
1757564,1
1757650,1
1757661,1
1757457,1
1757447,1
1757448,1
1757353,1
1757440,1
1757421,1
1757660,1
1757555,1
1757703,1
1757195,1
1757552,1
1757572,1
1757689,1
1757769,1
1757692,1
1757446,1
1757701,1
1757865,1
1757727,1
1757513,1
1757704,1
1757684,1
1757687,1
1757501,1
1757451,1
1757656,1
1757431,1
1757598,1
1757761,1
1757713,1
1757221,1
1757755,1
1757657,1
1757723,1
1757575,1
1757505,1
1757483,1
1757829,1
1757663,1
1757676,1
1757615,1
1757548,1
1757551,1
1757532,1
1757715,1
1757540,1
1757601,1
1757496,1
1757502,1
1757539,1
1757406,1
1757553,1
1757531,1
1757484,1
1757573,1
1757494,1
1757583,1
1757608,1
1757582,1
1757569,1
1757597,1
1757581,1
1757694,1
1757594,1
1757595,1
1757697,1
1757521,1
1757497,1
1757541,1
1757611,1
1757610,1
1757653,1
1757654,1
1757593,1
1757606,1
1757677,1
1757733,1
1757549,1
1757578,1
1757756,1
1757667,1
1757580,1
1757426,1
1757690,1
1757491,1
1757545,1
1757721,1
1757824,1
1757439,1
1757534,1
1757693,1
1757588,1
1757486,1
1757444,1
1757589,1
1757696,1
1757838,1
1757725,1
1757647,1
1757675,1
1757550,1
1757477,1
1757571,1
1757584,1
1757655,1
1757427,1
1757680,1
1757423,1
1757871,1
1757499,1
1757170,1
1757449,1
1757480,1
1757603,1
1757757,1
1757710,1
1757493,1
1757498,1
1757600,1
1757631,1
1757522,1
1757416,1
1757190,1
1757762,1
1757841,1
1757509,1
2691586,1
225703,1
2511176,1
296050,1
542762,1
542752,1
78191,1
469304,1
248799,1
163134,1
501591,1
1282862,1
51315,1
336591,1
686984,1
57655,1
355514,1
637479,1
59291,1
138949,1
5748,1
42068,1
2846071,1
192188,1
39241,1
35876,1
347427,1
686340,1
273350,1
64523,1
310899,1
1757784,1
185937,1
154017,1
7109,1
91573,1
2665719,1
2337333,1
2585209,1
165637,1
490282,1
88513,1
1715834,1
71645,1
185898,1
147674,1
185916,1
1358801,1
147675,1
9886,1
1769200,1
10379,1
249558,1
11623,1
1107715,1
155293,1
9720,1
202533,1
1623310,1
8742,1
36309,1
59170,1
9805,1
82095,1
134047,1
31631,1
707683,1
54874,1
1504334,1
1986198,1
1892416,1
137520,1
51950,1
32511,1
66201,1
420089,1
2138388,1
2891951,1
32491,1
46360,1
694014,1
272717,1
35688,1
211937,1
169388,1
863668,1
214693,1
481248,1
45630,1
30991,1
1144522,1
79837,1
1591089,1
374683,1
694009,1
279623,1
10905,1
13429,1
299270,1
158387,1
1678,1
8835,1
1859699,1
1898727,1
9365,1
10201,1
27987,1
2664183,1
1606681,1
11120,1
11118,1
81381,1
1508220,1
2664420,1
1643,1
10244,1
1805463,1
209169,1
6280,1
5068,1
153825,1
35632,1
392815,1
452749,1
411432,1
1206367,1
36941,1
100937,1
1358436,1
48022,1
124772,1
2080917,1
103944,1
983633,1
12542,1
6941,1
1803420,1
9542,1
9540,1
1983761,1
9556,1
54602,1
201502,1
30122,1
439328,1
2872240,1
2872242,1
195055,1
1053340,1
1804709,1
2590515,1
2996714,1
37546,1
7394,1
1028096,1
148819,1
97206,1
10041,1
323367,1
48701,1
1757528,1
1757749,1
1757785,1
1757605,1
1757516,1
1757525,1
1757883,1
1757643,1
1757805,1
1757535,1
1757616,1
1757862,1
1757644,1
1757751,1
1757831,1
1757563,1
1757342,1
1757355,1
1757385,1
59467,1
8177,1
59477,1
86250,1
9465,1
92637,1
1157337,1
1026970,1
1803956,1
12080,1
128124,1
2202208,1
7178,1
35332,1
35331,1
45030,1
42434,1
11250,1
2613867,1
145471,1
183220,1
36673,1
117167,1
1523604,1
1377509,1
45646,1
1955812,1
242718,1
2304601,1
4557,1
690910,1
321363,1
104690,1
881260,1
103903,1
259646,1
2547651,1
1662495,1
1870837,1
5580,1
11072,1
2691596,1
37862,1
354431,1
641482,1
1241869,1
2771493,1
29575,1
308687,1
162307,1
308677,1
308683,1
373101,1
3334,1
3330,1
308686,1
162304,1
308678,1
308688,1
1517512,1
1790040,1
2580111,1
1408137,1
2580114,1
2729576,1
2580113,1
2580112,1
2510630,1
2337458,1
101609,1
87088,1
1757420,1
1757557,1
2283235,1
1757681,1
1757352,1
1757888,1
1757187,1
1757330,1
1757192,1
1757402,1
1757189,1
1757857,1
1757867,1
1757275,1
1757370,1
1757415,1
1757272,1
1757849,1
1757364,1
1757182,1
1757436,1
1757244,1
1757417,1
1757845,1
1757277,1
1757324,1
1757343,1
1757668,1
1757774,1
1757470,1
1757268,1
1757191,1
1757768,1
1757673,1
1757386,1
1757429,1
1757764,1
1757617,1
1757378,1
1757389,1
1757461,1
1757455,1
1757400,1
1757301,1
1757232,1
1757299,1
1757430,1
1757771,1
1757323,1
1757408,1
1757411,1
1757312,1
1757885,1
1757773,1
1757373,1
1757882,1
1757361,1
1757393,1
1757409,1
1757843,1
1757332,1
1757365,1
1757349,1
1757358,1
1757853,1
1757193,1
1757283,1
1757453,1
1757334,1
1757671,1
1757366,1
1757251,1
1757286,1
1757238,1
1757412,1
1757319,1
1757202,1
1757233,1
1757460,1
1757306,1
1757252,1
1757371,1
1757241,1
1757858,1
1757279,1
1757765,1
1757240,1
1757840,1
1757308,1
1757281,1
1757249,1
1757368,1
1757247,1
1757369,1
1757881,1
1757328,1
1757218,1
1757666,1
1757669,1
1757317,1
1757407,1
1757852,1
1757404,1
1757290,1
1757254,1
1757844,1
1757362,1
1757391,1
1757826,1
1757452,1
1757855,1
1757298,1
1757259,1
1757842,1
1757832,1
1757199,1
1757354,1
1757274,1
1757303,1
1757280,1
1757413,1
1757377,1
1757876,1
1757766,1
1757236,1
1757454,1
1757284,1
1757854,1
1757886,1
1757734,1
82116,1
10166,1
128952,1
7004,1
64942,1
456327,1
348688,1
611301,1
12990,1
1534596,1
37601,1
1735669,1
1342751,1
418,1
1604399,1
2337596,1
11069,1
1757664,1
1757822,1
464417,1
691897,1
267130,1
1757177,1
1757253,1
1757405,1
1757360,1
1757356,1
1757468,1
1757685,1
2773500,1
1073774,1
1757850,1
81964,1
1122280,1
1930656,1
2337450,1
71412,1
51240,1
2293339,1
172148,1
111067,1
77173,1
142614,1
1088131,1
168165,1
591226,1
3468,1
2759587,1
178762,1
30397,1
2108191,1
77598,1
2823069,1
9877,1
6622,1
43490,1
113446,1
3079,1
142860,1
10034,1
154293,1
1757401,1
1757848,1
1757276,1
1757394,1
1757340,1
1757309,1
1757374,1
1757678,1
1757363,1
1757311,1
1757307,1
1757325,1
1757396,1
1757234,1
1757860,1
1757321,1
1757315,1
1757200,1
1757875,1
1757379,1
1757351,1
1757851,1
1757169,1
1757856,1
1757418,1
1757333,1
1757859,1
1757282,1
1757288,1
1757296,1
1757770,1
1757887,1
1757372,1
1757326,1
1757884,1
1757830,1
1757314,1
1757828,1
1757403,1
1757305,1
1757395,1
1757266,1
1757267,1
1757772,1
1757359,1
1757425,1
1757302,1
1757392,1
1757300,1
1757255,1
1757243,1
1757335,1
1757874,1
1757341,1
1757398,1
1757339,1
1757318,1
1757834,1
1757271,1
1757459,1
1757237,1
1757877,1
1757269,1
1757327,1
1757428,1
1757350,1
1757293,1
1757229,1
1757173,1
1757294,1
1757239,1
1757256,1
1757220,1
1757289,1
1757213,1
1757320,1
1757211,1
1757196,1
1757381,1
1757263,1
1757297,1
1757184,1
1757212,1
1757250,1
1757304,1
1757176,1
1757338,1
1757178,1
1757273,1
1757206,1
1757216,1
1757746,1
1757807,1
1757489,1
1757737,1
1757278,1
1757172,1
1757367,1
1757174,1
1757180,1
1757201,1
1757210,1
1757410,1
1757390,1
1757264,1
1757175,1
1757265,1
1757183,1
1757230,1
1757388,1
1757223,1
1757295,1
1757387,1
1757215,1
1757228,1
1757292,1
1757227,1
1757231,1
1757329,1
1757207,1
1757217,1
1757185,1
1757209,1
1757208,1
1757205,1
1757380,1
1757261,1
2811243,1
1757638,1
1757546,1
1757760,1
1757659,1
1757478,1
1757652,1
1757691,1
1757735,1
1757245,1
1757592,1
1757168,1
1757722,1
1757537,1
1757344,1
1757508,1
1757542,1
1757433,1
1757686,1
1757346,1
1757705,1
1757479,1
1757825,1
1757488,1
1757651,1
1757679,1
1757529,1
1757730,1
1757538,1
1757495,1
1757437,1
1757456,1
1757490,1
1757331,1
1757720,1
1757714,1
1757487,1
1757438,1
1757458,1
1757586,1
1757682,1
1757604,1
1757533,1
1757706,1
1757257,1
1757214,1
1757258,1
1757204,1
1757262,1
1757219,1
1757376,1
1757665,1
1499333,1
1757742,1
1757731,1
1757570,1
1757670,1
1757620,1
1757561,1
1757424,1
1757767,1
1757716,1
1757576,1
1757246,1
1757226,1
1757414,1
1757443,1
89149,1
8010,1
1757596,1
1757554,1
1757450,1
1757739,1
1757787,1
1757186,1
1757375,1
1757520,1
1757248,1
1757179,1
1757474,1
1757804,1
1757835,1
1757662,1
1757260,1
1757732,1
1757815,1
1757530,1
1757383,1
1757796,1
1757618,1
1757612,1
1757763,1
1757708,1
1757683,1
1757462,1
1757728,1
1757382,1
1757197,1
1757636,1
1757348,1
1757399,1
1757316,1
1757242,1
1757752,1
1757649,1
1757188,1
1757880,1
1757609,1
1757863,1
1757695,1
1757870,1
1757565,1
1757800,1
243265,1
1757795,1
1757337,1
1757590,1
1627958,1
1757291,1
1757441,1
1757357,1
1757702,1
1757194,1
1757310,1
1757384,1
1757397,1
1757717,1
1757817,1
1757313,1
1757485,1
1757758,1
1757674,1
1757738,1
1757419,1
1757847,1
1757777,1
1757846,1
111670,1
1757614,1
1757808,1
1757780,1
1757224,1
1757235,1
1757347,1
1757792,1
1757345,1
1757797,1
1757698,1
1757466,1
1757467,1
1757475,1
1757472,1
1757464,1
1757476,1
1757471,1
1757473,1
1757465,1
1757469,1
1757873,1
1757699,1
1757833,1
1757839,1
1757482,1
1757547,1
1757481,1
1757837,1
1757167,1
1757463,1
1757322,1
1757802,1
1757225,1
1757648,1
1757736,1
1757222,1
1757171,1
1757270,1
1757285,1
1757435,1
1757879,1
1757803,1
1757574,1
55318,1
1757619,1
1757577,1
1757336,1
1757442,1
1757203,1
1757658,1
1757748,1
909844,1
61645,1
2563970,1
683316,1
78630,1
591990,1
3603,1
103349,1
1620238,1
51338,1
61819,1
70667,1
1849795,1
10009,1
1411990,1
108852,1
7798,1
3469,1
1813535,1
1480153,1
273057,1
8081,1
28741,1
3864,1
85443,1
325530,1
32051,1
294,1
4550,1
59729,1
2784455,1
885580,1
44685,1
200492,1
1195656,1
9604,1
107637,1
59768,1
1381693,1
419130,1
211442,1
1262659,1
184713,1
2448414,1
1580,1
2448411,1
7029,1
170927,1
98922,1
2602420,1
73508,1
1618205,1
37360,1
55534,1
209261,1
46731,1
69293,1
171929,1
159077,1
7163,1
654,1
1754190,1
441921,1
5693,1
63632,1
4572,1
4509,1
5194,1
27327,1
2600140,1
286661,1
28251,1
1319830,1
5741,1
59211,1
22,1
34779,1
5207,1
309800,1
27788,1
208526,1
588669,1
2741728,1
5518,1
3512,1
161590,1
210409,1
412614,1
6279,1
5061,1
2773969,1
1117645,1
197161,1
216597,1
132261,1
1408201,1
6832,1
4227,1
112498,1
1676925,1
2548444,1
1328,1
1462594,1
103695,1
9995,1
32264,1
6183,1
173342,1
30301,1
198806,1
727,1
637389,1
28743,1
1006967,1
76066,1
68878,1
86259,1
114727,1
75079,1
5286,1
12921,1
1170369,1
271848,1
9798,1
929971,1
2315802,1
296543,1
219594,1
69781,1
685684,1
2689521,1
6954,1
2689539,1
54398,1
2491703,1
2949,1
1385665,1
2607712,1
225395,1
383689,1
2689554,1
2448285,1
2689545,1
1009348,1
1158,1
9054,1
2689528,1
2689538,1
1454314,1
283734,1
9516,1
2080927,1
2115792,1
2689517,1
1930652,1
286115,1
2593073,1
217255,1
2689546,1
1954210,1
2901322,1
2592542,1
40932,1
48698,1
2599173,1
129462,1
343250,1
301851,1
2731644,1
1032456,1
153280,1
2530357,1
2070543,1
263419,1
1045269,1
1720540,1
3317,1
246200,1
81972,1
59556,1
476021,1
58771,1
1955541,1
1816492,1
1842456,1
6956,1
125890,1
2689523,1
1620422,1
2489507,1
2689535,1
1755691,1
2689518,1
2689520,1
71610,1
83555,1
104777,1
1660,1
414602,1
3885,1
13659,1
2371,1
100521,1
6454,1
75961,1
58047,1
208479,1
141969,1
29664,1
1930651,1
8049,1
5507,1
1585,1
1842734,1
70783,1
3538,1
114155,1
9595,1
47664,1
56857,1
52824,1
490064,1
138011,1
31271,1
52833,1
86185,1
57975,1
2689543,1
1752603,1
1930654,1
1152,1
6257,1
1633879,1
2689522,1
2689549,1
1955777,1
2689547,1
2689534,1
1281963,1
63677,1
1370075,1
45249,1
97005,1
55704,1
1077925,1
2736721,1
65647,1
1174630,1
262608,1
2849020,1
79327,1
39442,1
305662,1
37003,1
1968598,1
86473,1
446,1
11232,1
1328300,1
53598,1
309358,1
4458,1
2563969,1
6769,1
213833,1
6596,1
56867,1
109376,1
1763,1
2715063,1
43471,1
2876572,1
216479,1
192955,1
27406,1
29546,1
133204,1
8017,1
309541,1
60423,1
323533,1
34773,1
264402,1
1463179,1
679340,1
7994,1
1069440,1
1319833,1
1278906,1
752538,1
391341,1
2599122,1
36190,1
2966445,1
72000,1
7782,1
27291,1
359,1
195615,1
5478,1
55181,1
82927,1
302113,1
414596,1
2563940,1
2900483,1
3899,1
1496,1
6063,1
88036,1
2930480,1
1473611,1
2784502,1
2590519,1
53435,1
13489,1
315576,1
44394,1
340692,1
51655,1
59777,1
2784467,1
60191,1
185702,1
1306274,1
1493668,1
188937,1
423472,1
632,1
488732,1
78633,1
85588,1
48086,1
44745,1
1293966,1
2723392,1
38942,1
2951,1
2804518,1
242267,1
1348599,1
459747,1
89957,1
242564,1
1493660,1
1914872,1
41070,1
184485,1
813,1
6759,1
334116,1
154422,1
152093,1
39289,1
37595,1
1086030,1
480484,1
794803,1
585398,1
5598,1
525916,1
59201,1
10157,1
103999,1
1740625,1
2605667,1
75806,1
1652998,1
2784493,1
28448,1
2841652,1
93128,1
1131534,1
3075,1
76438,1
58065,1
2729592,1
980116,1
5346,1
423607,1
283909,1
174251,1
9305,1
219868,1
4265,1
23029,1
27405,1
289389,1
99802,1
3917,1
36667,1
40471,1
307491,1
283035,1
1309,1
159699,1
38569,1
2208,1
681449,1
7612,1
1047171,1
100269,1
487,1
3039,1
48567,1
4682,1
1597,1
1316194,1
2804504,1
261939,1
2744219,1
58095,1
3346,1
2545788,1
37531,1
9387,1
167663,1
2136021,1
2135240,1
138951,1
1221320,1
46634,1
280452,1
669,1
55974,1
36090,1
6669,1
165200,1
261450,1
37000,1
344056,1
3077,1
4330,1
3670,1
28377,1
83762,1
6550,1
39455,1
105609,1
80833,1
747504,1
1623,1
100367,1
5141,1
2708,1
486089,1
1651087,1
2784486,1
62718,1
2735981,1
3710,1
1871350,1
137693,1
303400,1
4640,1
160488,1
156844,1
2735980,1
1549864,1
80602,1
165727,1
8715,1
89055,1
399726,1
2742968,1
62335,1
313075,1
4054,1
1899378,1
3664,1
13093,1
99437,1
8469,1
228297,1
329629,1
1794823,1
2782195,1
64680,1
243904,1
652611,1
655981,1
57737,1
61622,1
221976,1
33119,1
8175,1
43320,1
141262,1
210143,1
526244,1
9837,1
62062,1
2899582,1
173,1
2508216,1
1517492,1
136827,1
240159,1
150844,1
101010,1
42064,1
196820,1
264483,1
257050,1
13632,1
62777,1
310571,1
1392932,1
10040,1
290028,1
571362,1
223145,1
151071,1
397392,1
2830794,1
97331,1
396416,1
360094,1
36855,1
2575956,1
2094558,1
1884681,1
565426,1
179423,1
80839,1
412384,1
48032,1
4431,1
1727196,1
46472,1
1610892,1
4772,1
126914,1
3350,1
13749,1
9423,1
196627,1
271217,1
60698,1
168636,1
2303235,1
331224,1
133434,1
27337,1
88123,1
875672,1
95486,1
655844,1
1462674,1
408128,1
491,1
1195109,1
205130,1
10376,1
78828,1
756229,1
76189,1
648681,1
1850373,1
1777982,1
2036904,1
352469,1
261999,1
3715,1
4346,1
8126,1
6960,1
80884,1
2903,1
4073,1
101028,1
175741,1
32400,1
644536,1
62280,1
88086,1
64478,1
86317,1
11039,1
631,1
342113,1
13306,1
2305193,1
6347,1
45202,1
1648222,1
1390,1
66442,1
11099,1
10195,1
78376,1
51650,1
185431,1
2337482,1
1214906,1
11103,1
11676,1
54290,1
74089,1
185919,1
39054,1
2083302,1
159417,1
34886,1
438356,1
66264,1
9600,1
621697,1
120494,1
2906016,1
2906017,1
690256,1
2857379,1
60588,1
2003741,1
119954,1
2021445,1
58944,1
904709,1
394239,1
460675,1
575566,1
748155,1
117960,1
992968,1
693449,1
872542,1
1453410,1
60254,1
2748252,1
213683,1
333278,1
184783,1
13894,1
467705,1
568076,1
8842,1
508665,1
67801,1
2748196,1
1383439,1
499988,1
37188,1
2853286,1
124752,1
615,1
55488,1
2783839,1
82639,1
2723005,1
12071,1
116153,1
348014,1
1883,1
220672,1
47501,1
206160,1
291982,1
11272,1
186990,1
1873691,1
1303196,1
1803421,1
45689,1
9531,1
45843,1
8901,1
2918522,1
444605,1
82689,1
1712573,1
37099,1
11216,1
109678,1
463344,1
13686,1
2249759,1
5537,1
298176,1
2816118,1
57571,1
694135,1
3413,1
182084,1
43332,1
487004,1
431241,1
887152,1
5554,1
2683710,1
2337384,1
181117,1
76149,1
309429,1
128161,1
192197,1
348026,1
2748245,1
2815732,1
1585305,1
245875,1
2337700,1
1777973,1
1777979,1
1761576,1
12721,1
943284,1
1807668,1
1815888,1
226673,1
373153,1
184140,1
12136,1
230571,1
106567,1
480614,1
1813793,1
201491,1
192642,1
1715863,1
149536,1
526538,1
1790046,1
4944,1
82316,1
2569560,1
644,1
420088,1
44670,1
1260732,1
1620572,1
316732,1
1776523,1
1789541,1
38525,1
1776549,1
367110,1
44707,1
1807671,1
193518,1
1789939,1
1776564,1
1807669,1
245855,1
1776497,1
1766484,1
1821108,1
149390,1
1789450,1
1940936,1
105023,1
36249,1
1777976,1
404011,1
1789182,1
33424,1
1789881,1
1620570,1
1766395,1
8868,1
1789880,1
9929,1
44136,1
185915,1
569448,1
2337334,1
35855,1
411440,1
546,1
224420,1
11587,1
1331678,1
2057809,1
294301,1
2777446,1
145626,1
360320,1
201999,1
904679,1
11981,1
2169993,1
226208,1
29158,1
215716,1
297654,1
65948,1
80939,1
91880,1
29466,1
1214127,1
34880,1
1210413,1
7725,1
1899496,1
215518,1
185914,1
472971,1
2736720,1
1112397,1
53075,1
54173,1
1199281,1
2047937,1
1178050,1
529531,1
1660692,1
260370,1
1184438,1
192014,1
1178305,1
2071596,1
161013,1
82763,1
1810961,1
65029,1
1077442,1
185892,1
68412,1
382394,1
37231,1
37929,1
2795488,1
34892,1
697293,1
80765,1
1712572,1
69311,1
1112420,1
279984,1
440353,1
332802,1
932991,1
2478556,1
8616,1
1955234,1
27779,1
32476,1
1747994,1
12118,1
161767,1
203117,1
3489,1
2842116,1
523089,1
27735,1
167934,1
41797,1
8148,1
1281953,1
12122,1
223249,1
32509,1
8574,1
30732,1
98360,1
78707,1
8252,1
1774218,1
2080956,1
2337762,1
185886,1
224733,1
761904,1
7009,1
201577,1
357502,1
311037,1
545214,1
45031,1
35630,1
2748253,1
2748254,1
34641,1
127582,1
78579,1
126736,1
3541,1
34735,1
762614,1
105594,1
2728890,1
114476,1
1963251,1
55291,1
281915,1
138948,1
12135,1
6610,1
237073,1
94033,1
7048,1
1777974,1
12073,1
255945,1
508139,1
145637,1
9215,1
179676,1
415149,1
647970,1
415155,1
2337645,1
1776500,1
1776561,1
1776566,1
208895,1
10941,1
11590,1
9994,1
2744480,1
177283,1
11191,1
1903720,1
6815,1
9593,1
39714,1
72859,1
1006121,1
85310,1
1611254,1
11629,1
1816096,1
267557,1
1128106,1
2777147,1
185897,1
147683,1
185911,1
30611,1
762109,1
120507,1
115629,1
66444,1
42410,1
452597,1
36722,1
867926,1
9654,1
1049777,1
261975,1
328103,1
1112462,1
198414,1
7897,1
471859,1
2021029,1
52518,1
49839,1
314294,1
86973,1
279094,1
1678306,1
35333,1
2590513,1
1178132,1
1810962,1
99575,1
753282,1
7176,1
2483388,1
1477025,1
2080912,1
1810966,1
61484,1
4543,1
431266,1
236793,1
34632,1
72366,1
340076,1
7446,1
1244008,1
111217,1
2080937,1
65035,1
310633,1
105859,1
399979,1
2066952,1
13262,1
1178059,1
1933406,1
113335,1
1150033,1
1633875,1
1002889,1
29057,1
28876,1
37710,1
6680,1
1232802,1
349672,1
342429,1
471275,1
7667,1
881479,1
1163369,1
52945,1
1612460,1
431949,1
1651263,1
2567736,1
59462,1
1511833,1
460690,1
2800156,1
1178031,1
2064650,1
502835,1
1241859,1
1564080,1
165482,1
699205,1
433685,1
2488989,1
