tax_id,palmprints
10366,['u29006']
1046251,['u16025']
106333,"['u696611', 'u22735', 'u26670', 'u8030', 'u21450', 'u196758', 'u6497', 'u16477']"
106966,"['u217989', 'u222185', 'u646070', 'u39811', 'u561267', 'u703495', 'u628596', 'u785530', 'u1958']"
11020,"['u574468', 'u8107']"
11021,['u24052']
11033,"['u157886', 'u869564', 'u240559', 'u1019643']"
11034,"['u498697', 'u719641', 'u16775', 'u137647', 'u151385']"
11036,"['u1030898', 'u72811', 'u321036', 'u762480', 'u764040', 'u7106', 'u670412']"
11041,['u6346']
11047,"['u20904', 'u658409']"
11048,"['u8238', 'u821211']"
11072,['u2598']
11079,['u1620']
11080,['u3234']
11084,['u1631']
11089,"['u7120', 'u613645', 'u38502']"
11096,['u481710']
11099,"['u854923', 'u400723', 'u360560', 'u387312']"
11137,['u7256']
11241,['u8408']
11263,['u2371']
11272,"['u9003', 'u998254']"
11274,"['u1065795', 'u12395', 'u654834', 'u649358', 'u232730']"
11277,"['u286560', 'u258874', 'u283774', 'u85253', 'u95886', 'u174326', 'u250044', 'u800160', 'u1054555', 'u623416', 'u977953', 'u726938', 'u199659', 'u217334', 'u570343', 'u2833', 'u383314', 'u291421', 'u954037', 'u217152', 'u179620', 'u217598', 'u278844', 'u237274', 'u48874']"
11280,['u345572']
11292,"['u126989', 'u255311', 'u104919', 'u165396', 'u183355', 'u703', 'u100580', 'u189592', 'u646907', 'u695856']"
11303,['u2562']
11318,"['u3548', 'u916072', 'u902785']"
11320,"['u19341', 'u207044', 'u230586', 'u22583', 'u16704', 'u829404', 'u1058528', 'u781489', 'u16596']"
11520,"['u1095', 'u444385']"
11569,"['u1008085', 'u935062', 'u85830', 'u698555', 'u217468', 'u4842']"
11587,['u1300']
1159195,['u28728']
1176484,"['u18583', 'u4902', 'u811277']"
118140,"['u239287', 'u99531', 'u17854', 'u3171']"
118655,['u602']
11976,"['u7529', 'u956923', 'u653854']"
11978,"['u997851', 'u6622']"
120499,['u21161']
12092,"['u38509', 'u405', 'u848819', 'u93518', 'u219517', 'u1073759', 'u8613', 'u856126', 'u6845']"
12104,"['u928419', 'u710626']"
1239566,"['u4543', 'u1030256']"
1239567,"['u428681', 'u582294', 'u874340', 'u896319', 'u851981', 'u1013662', 'u1054557', 'u24121', 'u17107', 'u550190', 'u7892', 'u492552', 'u118871', 'u37868', 'u232264', 'u501640', 'u189209', 'u24285', 'u327480', 'u655660', 'u416424', 'u877453', 'u916935', 'u1031306', 'u556668', 'u230589', 'u460607', 'u191472', 'u259922', 'u1051646', 'u17125']"
1239574,"['u164307', 'u8520']"
1239577,"['u942877', 'u16491', 'u569572', 'u812996', 'u905860', 'u939940']"
12542,['u592585']
12637,"['u1041', 'u1011241', 'u287478', 'u831531', 'u128']"
1272953,['u21649']
12730,"['u240772', 'u505053', 'u1513', 'u684732']"
1313215,"['u6173', 'u238213']"
138948,['u786704']
138949,['u975858']
1428581,"['u17501', 'u562401']"
1435485,"['u413034', 'u1073168', 'u823254', 'u503605', 'u115522', 'u953210', 'u1034026', 'u17442', 'u486314', 'u484236', 'u19952', 'u24454', 'u18463']"
144752,['u8807']
1453410,"['u770665', 'u21558']"
145856,"['u783410', 'u840779', 'u769573', 'u663748', 'u712577', 'u145364', 'u921774', 'u1035166', 'u26638', 'u25668', 'u623499', 'u273894', 'u1054502', 'u133030', 'u1010387', 'u852907', 'u516495', 'u594738', 'u716720', 'u118111', 'u99033', 'u94624', 'u665602', 'u759354', 'u278017', 'u197266', 'u251755', 'u488449', 'u197235', 'u25022', 'u130032', 'u113609', 'u955792', 'u632416', 'u703398', 'u1070879', 'u16688', 'u12737', 'u63187', 'u23964', 'u218034', 'u181959', 'u123944', 'u710664', 'u884170', 'u903542', 'u772614', 'u879538', 'u242765', 'u216153', 'u25666', 'u906969', 'u477937', 'u557424', 'u639572', 'u604911', 'u291146', 'u547955', 'u127846', 'u181218', 'u694014', 'u1052321', 'u218174', 'u833002', 'u867966', 'u739669', 'u747745', 'u133261', 'u811886', 'u950481', 'u565422', 'u165183', 'u54781', 'u126467', 'u937773', 'u910073', 'u97022', 'u840738', 'u776492', 'u509861', 'u296287', 'u191609', 'u1015003', 'u176060', 'u451195', 'u230477', 'u523488', 'u185108', 'u127577', 'u82504', 'u590865', 'u184946', 'u55400', 'u499655', 'u726993', 'u465710', 'u820616', 'u131402', 'u166714', 'u179725', 'u155578', 'u71199', 'u104103', 'u835542', 'u676232', 'u644637', 'u575788', 'u351616', 'u443602', 'u318910', 'u124810', 'u983706', 'u106572', 'u864352', 'u82622', 'u883540', 'u23264', 'u436299', 'u350772', 'u987572', 'u131345', 'u97714', 'u236284', 'u135168', 'u6438', 'u853061', 'u266872', 'u245564', 'u135661', 'u215418', 'u57410', 'u685229', 'u968483', 'u714854', 'u230585', 'u130249', 'u946442', 'u11550', 'u64094', 'u684408', 'u773284', 'u883959', 'u99287', 'u140522', 'u227542', 'u265050', 'u96358', 'u899296', 'u688747', 'u843595', 'u1036577', 'u712143', 'u259712', 'u198165', 'u11435', 'u622542', 'u1053892', 'u994615', 'u1054761', 'u236419', 'u993885', 'u547944', 'u179645', 'u142278', 'u173580', 'u1075117', 'u867909', 'u731707', 'u933646', 'u798111', 'u689532', 'u933647', 'u77705', 'u870411', 'u880467', 'u828768', 'u59849', 'u97371', 'u191348', 'u275103', 'u292569', 'u134036', 'u368715', 'u696081', 'u482954', 'u236372', 'u238089', 'u293151', 'u18285', 'u850318', 'u964814', 'u691725', 'u401579', 'u163316', 'u891749', 'u592303', 'u118068', 'u19204', 'u950783', 'u648086', 'u464317', 'u13498', 'u992242', 'u888122', 'u817475', 'u389160', 'u948716', 'u134524', 'u175903', 'u237288', 'u261906', 'u127849', 'u127057', 'u683515', 'u54306']"
147711,"['u932721', 'u2133', 'u998385', 'u2740', 'u1058387', 'u430772', 'u972008', 'u36766', 'u8055', 'u29403', 'u29610', 'u522875', 'u37877', 'u972337', 'u3250', 'u4497', 'u916774']"
147712,"['u814919', 'u266312', 'u3243', 'u98207', 'u45689']"
152219,"['u38468', 'u5190']"
154121,"['u703612', 'u9975', 'u913280', 'u187822', 'u898099']"
154122,['u688967']
161675,"['u827875', 'u489994', 'u5157']"
162013,['u4537']
162145,"['u845135', 'u2716']"
1623310,['u4011']
164416,['u1801']
1678230,['u3166']
1679172,['u12303']
1712572,['u7871']
172314,"['u626280', 'u744974', 'u2083', 'u152971', 'u19525']"
1803956,"['u1831', 'u34772', 'u832933', 'u915510']"
186540,['u754']
1868658,"['u287350', 'u307751']"
1972568,"['u5828', 'u452313']"
1980456,"['u372154', 'u24280']"
1980493,['u2539']
201490,['u17499']
204269,['u16954']
204711,"['u733204', 'u508699', 'u3729']"
206160,"['u658563', 'u5265']"
2169991,['u943']
237020,"['u614350', 'u488146', 'u863136', 'u734031', 'u885735']"
249584,['u16483']
2547357,['u22510']
2547358,['u22509']
2560525,['u548']
2560580,['u18450']
2593991,['u253503']
2748252,['u659542']
2748253,"['u18951', 'u1056565']"
2748254,['u18952']
28344,"['u276767', 'u200060', 'u994', 'u184345', 'u243312', 'u743088', 'u736734', 'u243431', 'u1680', 'u112435', 'u389350', 'u184358', 'u20448']"
2886894,['u6381']
28875,"['u4687', 'u2449', 'u198452', 'u198969', 'u618960', 'u655859', 'u11178', 'u792303', 'u303211', 'u174487', 'u18720', 'u491643', 'u15152', 'u28250', 'u285409', 'u266165', 'u823709', 'u760703', 'u18825', 'u973577']"
28876,"['u2793', 'u25569', 'u23246', 'u7290']"
290008,['u8719']
2905673,"['u961361', 'u748646', 'u148722']"
2905917,['u5525']
291484,"['u555080', 'u656582', 'u486081', 'u12233', 'u283925', 'u454830', 'u439890', 'u357352', 'u190602', 'u1059371', 'u1044971', 'u733019', 'u867851', 'u5536', 'u1010160', 'u66257', 'u844052', 'u417481', 'u1022176', 'u855507', 'u1021156', 'u26958', 'u780278', 'u91440', 'u1297', 'u340505', 'u501325', 'u569955', 'u497896', 'u383457', 'u90904', 'u565405', 'u25198', 'u899400', 'u710999', 'u1061268', 'u516043', 'u914141', 'u406775', 'u475080', 'u13577', 'u637708', 'u186534', 'u334369', 'u25341', 'u125778', 'u42720']"
292278,['u7112']
307164,['u23780']
31612,"['u6734', 'u419816', 'u866296', 'u617110']"
31631,"['u111830', 'u7986']"
318836,['u17481']
33743,['u550']
348013,['u8200']
351073,['u149303']
352236,"['u473002', 'u559622', 'u21349', 'u978470', 'u514679', 'u583895']"
35307,['u27014']
35316,"['u17968', 'u20538']"
356862,['u24970']
358764,"['u784352', 'u23650', 'u12743']"
37124,['u238237']
380433,['u13039']
380434,['u19742']
380438,['u21664']
380440,['u25133']
38143,"['u25165', 'u9527', 'u988516']"
38837,['u5029']
40050,['u229982']
40051,"['u10830', 'u22180', 'u17980', 'u17071']"
40052,"['u17557', 'u3295', 'u21412', 'u13023', 'u17974', 'u955577']"
40054,"['u1971', 'u656057']"
40056,['u17460']
40057,['u22066']
40058,"['u177462', 'u24190']"
40059,"['u23818', 'u269474']"
40062,['u5284']
40067,['u38034']
44024,"['u8640', 'u9322']"
44025,['u6549']
44026,['u3824']
44158,['u38985']
46839,"['u781695', 'u718542', 'u687848', 'u708769']"
47000,['u19955']
50713,['u906831']
54290,"['u824', 'u26426', 'u485149', 'u10719', 'u547455']"
54315,"['u388976', 'u483645', 'u3278']"
57482,['u833164']
590647,['u14724']
59300,"['u8555', 'u466536']"
59301,['u258']
59302,"['u918778', 'u26157']"
59305,['u29504']
59563,"['u23268', 'u2384']"
62352,['u810483']
629735,['u19626']
64280,['u7423']
64281,['u23531']
64282,['u12790']
64283,['u5172']
64285,['u5475']
64286,['u29609']
64289,['u17707']
64292,['u15992']
64293,"['u7492', 'u45333']"
64294,"['u6331', 'u19445']"
64295,['u6076']
64298,"['u14846', 'u648909']"
64299,"['u978625', 'u7358']"
64300,['u23519']
64301,['u14847']
64302,"['u14790', 'u840961']"
64303,['u24766']
64305,['u4758']
64309,['u16791']
64312,['u6854']
64320,"['u761698', 'u39248', 'u691399', 'u1021716', 'u741']"
686984,"['u6152', 'u3632', 'u15161']"
688436,"['u686595', 'u25189']"
70566,['u23058']
75888,['u16052']
77763,"['u6048', 'u286260', 'u892960']"
80939,['u6349']
80941,"['u9230', 'u777054']"
904679,['u5523']
904698,['u6944']
909207,['u6359']
92129,['u15499']
,"['u260', 'u7185', 'u5237', 'u7120', 'u38502', 'u7492', 'u6622', 'u997851', 'u297851', 'u6048', 'u892960', 'u943', 'u913280', 'u9975', 'u187822', 'u16791', 'u9230', 'u3748', 'u23058', 'u24766', 'u17442', 'u18463', 'u24454', 'u21498', 'u19952', 'u916935', 'u486314', 'u550', 'u17481', 'u29230', 'u7529', 'u653854', 'u703', 'u9003', 'u17457', 'u2833', 'u383314', 'u250044', 'u947718', 'u699816', 'u85253', 'u48874', 'u8408', 'u7205', 'u3205', 'u2793', 'u19453', 'u7290', 'u23246', 'u1020819', 'u22023', 'u3278', 'u388976', 'u17557', 'u17974', 'u21412', 'u17968', 'u20538', 'u255311', 'u104919', 'u38985', 'u2598', 'u4135', 'u20904', 'u1300', 'u1777', 'u17071', 'u35634', 'u10830', 'u17980', 'u7986', 'u8107', 'u602', 'u4543', 'u17125', 'u8520', 'u22552', 'u7872', 'u7471', 'u7338', 'u410', 'u3824', 'u6349', 'u4902', 'u368210', 'u18583', 'u4863', 'u8555', 'u15992', 'u1513', 'u240772', 'u24300', 'u9319', 'u1971', 'u656057', 'u23936', 'u13181', 'u24280', 'u25213', 'u2371', 'u6944', 'u21558', 'u6705', 'u24052', 'u9527', 'u25165', 'u3548', 'u2562', 'u4355', 'u19955', 'u15659', 'u2083', 'u626280', 'u8640', 'u9322', 'u240559', 'u258', 'u1631', 'u978470', 'u583895', 'u7106', 'u741', 'u39248', 'u16999', 'u1041', 'u128', 'u5544', 'u22027', 'u311', 'u24787', 'u20', 'u2526', 'u18479', 'u1680', 'u994', 'u184345', 'u112435', 'u184358', 'u276767', 'u16025', 'u5525', 'u18450', 'u16800', 'u24970', 'u8200', 'u3234', 'u200544', 'u400723', 'u1620', 'u296618', 'u7601', 'u548', 'u17467', 'u812996', 'u273986', 'u16491', 'u23307', 'u1958', 'u217989', 'u703495', 'u628596', 'u39811', 'u785530', 'u134649', 'u21307', 'u5479', 'u10949', 'u26157', 'u8030', 'u22735', 'u24290', 'u6497', 'u16477', 'u17640', 'u138478', 'u2384', 'u7112', 'u3729', 'u508699', 'u733204', 'u4405', 'u25089', 'u26997', 'u23650', 'u12743', 'u24190', 'u2716', 'u29609', 'u1801', 'u405', 'u8613', 'u6845', 'u38509', 'u856126', 'u38034', 'u4011', 'u3171', 'u17854', 'u23818', 'u269474', 'u1831', 'u6549', 'u1095', 'u6173', 'u238213', 'u5172', 'u29504', 'u18654', 'u560713', 'u824', 'u26426', 'u1297', 'u501325', 'u5536', 'u25198', 'u475080', 'u3554', 'u1061268', 'u12233', 'u3509', 'u26958', 'u486081', 'u91440', 'u1059371', 'u439890', 'u914141', 'u241937', 'u1010160', 'u190602', 'u283925', 'u8238', 'u16704', 'u11948', 'u648695', 'u230586', 'u16182', 'u781489', 'u19886', 'u27016', 'u6346', 'u1506', 'u4134', 'u217468', 'u4842', 'u1008085', 'u85830', 'u23780', 'u885735', 'u4485', 'u3632', 'u6152', 'u1962', 'u131402', 'u63187', 'u6438', 'u54306', 'u126467', 'u71199', 'u23264', 'u176060', 'u152013', 'u16688', 'u166714', 'u12737', 'u867966', 'u25022', 'u134036', 'u216153', 'u906969', 'u163316', 'u4140', 'u292569', 'u291146', 'u11435', 'u181959', 'u97022', 'u215418', 'u191609', 'u156967', 'u261906', 'u127057', 'u19204', 'u230477', 'u242765', 'u124810', 'u25668', 'u565422', 'u99287', 'u191348', 'u949466', 'u181218', 'u89631', 'u130032', 'u131345', 'u135661', 'u13498', 'u808334', 'u955792', 'u133261', 'u94624', 'u184946', 'u19134', 'u54781', 'u691725', 'u173580', 'u237288', 'u19925', 'u127846', 'u976748', 'u179645', 'u776492', 'u18285', 'u59849', 'u266778', 'u165183', 'u482954', 'u145364', 'u133030', 'u55400', 'u820616', 'u78554', 'u901007', 'u227542', 'u710664', 'u218034', 'u184940', 'u266872', 'u82622', 'u648086', 'u486724', 'u23964', 'u136835', 'u135168', 'u155578', 'u134524', 'u127884', 'u127849', 'u632416', 'u236419', 'u644614', 'u125425', 'u623499', 'u910073', 'u135725', 'u903542', 'u833002', 'u83033', 'u950783', 'u997626', 'u516495', 'u639572', 'u232577', 'u694014', 'u251755', 'u230585', 'u271761', 'u258562', 'u142278', 'u872924', 'u180583', 'u488449', 'u921774', 'u97371', 'u1010387', 'u130249', 'u1070879', 'u220719', 'u127577', 'u875425', 'u56401', 'u464317', 'u97438', 'u21410', 'u135648', 'u134858', 'u2539', 'u17499', 'u7643', 'u7256', 'u27', 'u303211', 'u174936', 'u4687', 'u11178', 'u285409', 'u2449', 'u491643', 'u198452', 'u28250', 'u77145', 'u6637', 'u5475', 'u814919', 'u3243', 'u2292', 'u137647', 'u151385', 'u16775', 'u38997', 'u3166', 'u29610', 'u3250', 'u2740', 'u3023', 'u972337', 'u8055', 'u29403', 'u36766', 'u4497', 'u2133', 'u6529', 'u25189', 'u15499', 'u754', 'u23519', 'u582294', 'u24285', 'u41563', 'u7892', 'u1051646', 'u851981', 'u783578', 'u37868', 'u24121', 'u1052490', 'u118871', 'u17107', 'u1031306', 'u416424', 'u189209', 'u599685', 'u1000229', 'u556668', 'u520528', 'u8344', 'u2518', 'u1075094', 'u15016', 'u20400', 'u121296', 'u16832', 'u36403', 'u7623', 'u863', 'u4930', 'u15574', 'u31192', 'u589464', 'u26853', 'u90', 'u2755', 'u854882', 'u35319', 'u112857', 'u19071', 'u8334', 'u852143', 'u6543', 'u28646', 'u8512', 'u23357', 'u11010', 'u27303', 'u5147', 'u30098', 'u362', 'u13480', 'u2054', 'u20389', 'u2293', 'u9405', 'u961', 'u33505', 'u596', 'u14984', 'u36301', 'u8486', 'u11839', 'u12057', 'u4962', 'u31191', 'u20521', 'u15267', 'u21367', 'u428988', 'u19466', 'u28555', 'u2703', 'u3221', 'u25222', 'u26878', 'u31285', 'u29906', 'u27222', 'u43491', 'u30112', 'u1825', 'u18099', 'u10870', 'u21802', 'u11006', 'u155', 'u12007', 'u45392', 'u7664', 'u565792', 'u22786', 'u14685', 'u29880', 'u41142', 'u14990', 'u28595', 'u12250', 'u8989', 'u5441', 'u5266', 'u10069', 'u23778', 'u2948', 'u2650', 'u4530', 'u7862', 'u100020', 'u17714', 'u21411', 'u246213', 'u16289', 'u28324', 'u3497', 'u3875', 'u16969', 'u13314', 'u42041', 'u25171', 'u12946', 'u947061', 'u439768', 'u11527', 'u43567', 'u3063', 'u354669', 'u958481', 'u1251', 'u14203', 'u9772', 'u1073980', 'u508667', 'u22310', 'u18326', 'u15824', 'u530323', 'u620634', 'u23100', 'u24759', 'u13506', 'u12220', 'u26561', 'u4778', 'u19928', 'u19214', 'u1033899', 'u20072', 'u6927', 'u619076', 'u110862', 'u11496', 'u733734', 'u342211', 'u5004', 'u8349', 'u839551', 'u15763', 'u649238', 'u1074010', 'u725258', 'u85569', 'u11945', 'u11590', 'u22774', 'u8977', 'u13294', 'u541490', 'u11609', 'u18462', 'u19930', 'u8515', 'u257622', 'u24728', 'u11534', 'u23460', 'u787923', 'u24299', 'u15517', 'u26564', 'u58953', 'u1047692', 'u644693', 'u15883', 'u173490', 'u498276', 'u465373', 'u4480', 'u994358', 'u23380', 'u894349', 'u473936', 'u16738', 'u10759', 'u2939', 'u422736', 'u3604', 'u18711', 'u11464', 'u6485', 'u751564', 'u751509', 'u994538', 'u568907', 'u439371', 'u236856', 'u353052', 'u170275', 'u76547', 'u59116', 'u55722', 'u795271', 'u373935', 'u770404', 'u10092', 'u15991', 'u175237', 'u24265', 'u1340', 'u19689', 'u5450', 'u25052', 'u25250', 'u16952', 'u6338', 'u26318', 'u1736', 'u13986', 'u10934', 'u25230', 'u2216', 'u632', 'u7998', 'u2778', 'u19705', 'u14349', 'u19756', 'u1505', 'u25474', 'u112720', 'u918494', 'u217016', 'u622406', 'u458682', 'u16523', 'u418368', 'u10939', 'u18915', 'u136454', 'u1019936', 'u17927', 'u134043', 'u278470', 'u200907', 'u29681', 'u11570', 'u14558', 'u169817', 'u855380', 'u22766', 'u3623', 'u18902', 'u168526', 'u14566', 'u164845', 'u131426', 'u11536', 'u6297', 'u1073941', 'u957135', 'u466628', 'u862475', 'u26389', 'u568866', 'u182068', 'u1050638', 'u16522', 'u984109', 'u173395', 'u946912', 'u85161', 'u136325', 'u11027', 'u16064', 'u192792', 'u10414', 'u110025', 'u131431', 'u115377', 'u99113', 'u965588', 'u9202', 'u123131', 'u138164', 'u14565', 'u12052', 'u26609', 'u999381', 'u253970', 'u98434', 'u628327', 'u701005', 'u287904', 'u28603', 'u849', 'u20255', 'u22554', 'u2680', 'u16862', 'u17493', 'u7903', 'u12791', 'u17706', 'u4386', 'u34559', 'u4271', 'u2056', 'u3590', 'u798872', 'u10138', 'u13717', 'u24264', 'u234163', 'u12330', 'u41145', 'u56', 'u12172', 'u1071', 'u22127', 'u1256', 'u635679', 'u17926', 'u36450', 'u2224', 'u835480', 'u150353', 'u28378', 'u401626', 'u12125', 'u17879', 'u1478', 'u23076', 'u510413', 'u23847', 'u810876', 'u21787', 'u4323', 'u31604', 'u35182', 'u575409', 'u987380', 'u982056', 'u31005', 'u8335', 'u29471', 'u4731', 'u27872', 'u2827', 'u17073', 'u6345', 'u8371', 'u436', 'u507482', 'u8353', 'u31216', 'u27807', 'u996', 'u209', 'u1382', 'u22913', 'u3952', 'u22925', 'u5541', 'u18480', 'u12717', 'u5417', 'u1804', 'u4174', 'u1453', 'u20690', 'u25056', 'u36928', 'u42779', 'u435826', 'u338789', 'u35311', 'u22718', 'u12106', 'u36', 'u13512', 'u30116', 'u813938', 'u28715', 'u18537', 'u781803', 'u10785', 'u7182', 'u17996', 'u732893', 'u28952', 'u646511', 'u174674', 'u1053833', 'u653545', 'u583884', 'u17931', 'u8728', 'u4923', 'u55185', 'u287311', 'u1063479', 'u719063', 'u205575', 'u2192', 'u340684', 'u728427', 'u19815', 'u921002', 'u657120', 'u24418', 'u904720', 'u708792', 'u275691', 'u773396', 'u734886', 'u935603', 'u955103', 'u960993', 'u58597', 'u737510', 'u970364', 'u756261', 'u6355', 'u823539', 'u540584', 'u747498', 'u382', 'u3516', 'u9290', 'u37721', 'u28259', 'u1107', 'u12098', 'u1167', 'u12105', 'u14710', 'u3517', 'u28714', 'u1638', 'u10640', 'u2739', 'u26208', 'u1833', 'u42495', 'u2057', 'u28716', 'u29824', 'u28258', 'u5451', 'u6885', 'u18904', 'u102501', 'u135233', 'u266974', 'u6598', 'u574909', 'u736', 'u746883', 'u851798', 'u572734', 'u159468', 'u46403', 'u793958', 'u19825', 'u71785', 'u24151', 'u8953', 'u2989', 'u544816', 'u4277', 'u434049', 'u88859', 'u94178', 'u41485', 'u26920', 'u12030', 'u657332', 'u642371', 'u629533', 'u820694', 'u187141', 'u20918', 'u14446', 'u71117', 'u903749', 'u1084', 'u134882', 'u325344', 'u266071', 'u25432', 'u157342', 'u745057', 'u252880', 'u553946', 'u1075155', 'u2887', 'u17847', 'u901484', 'u6635', 'u168148', 'u19098', 'u150159', 'u132949', 'u14978', 'u781832', 'u19303', 'u29077', 'u857397', 'u971055', 'u16883', 'u65141', 'u19559', 'u671816', 'u66076', 'u4454', 'u668748', 'u12625', 'u12747', 'u558798', 'u726', 'u11514', 'u6102', 'u217239', 'u4163', 'u915343', 'u5468', 'u80875', 'u23082', 'u24188', 'u28810', 'u618736', 'u7473', 'u243243', 'u6382', 'u825788', 'u14033', 'u361340', 'u21080', 'u10200', 'u4372', 'u929758', 'u620642', 'u14845', 'u569223', 'u4004', 'u679', 'u6540', 'u19560', 'u25184', 'u517', 'u820271', 'u26805', 'u643973', 'u9143', 'u15210', 'u426744', 'u143316', 'u16438', 'u18792', 'u5472', 'u405570', 'u275637', 'u667886', 'u21087', 'u8956', 'u959758', 'u71120', 'u5463', 'u32093', 'u36116', 'u981464', 'u6097', 'u889089', 'u26641', 'u7272', 'u19967', 'u87671', 'u5747', 'u11810', 'u17351', 'u59718', 'u14062', 'u1983', 'u25354', 'u17990', 'u4676', 'u19648', 'u18924', 'u6830', 'u8028', 'u23777', 'u19633', 'u8033', 'u25798', 'u25172', 'u3006', 'u14928', 'u17861', 'u7954', 'u365', 'u20964', 'u20817', 'u20270', 'u8168', 'u31598', 'u8774', 'u275860', 'u16837', 'u15782', 'u34721', 'u15568', 'u13236', 'u10417', 'u17336', 'u40283', 'u1985', 'u690', 'u16717', 'u774614', 'u29118', 'u1282', 'u8216', 'u12213', 'u17419', 'u6358', 'u17486', 'u1707', 'u36469', 'u35273', 'u664', 'u15960', 'u31138', 'u957', 'u3215', 'u6207', 'u4610', 'u2808', 'u1611', 'u1627', 'u177830', 'u1350', 'u58410', 'u295952', 'u14274', 'u11755', 'u25621', 'u2430', 'u23634', 'u15258', 'u8506', 'u4332', 'u25215', 'u3285', 'u19948', 'u178704', 'u144603', 'u1090', 'u2941', 'u22168', 'u13408', 'u15935', 'u3753', 'u4408', 'u5005', 'u21209', 'u99', 'u14422', 'u6116', 'u16756', 'u9937', 'u9487', 'u16715', 'u23151', 'u14982', 'u10791', 'u6591', 'u4714', 'u3241', 'u752448', 'u14983', 'u15009', 'u16041', 'u15798', 'u13', 'u19718', 'u20271', 'u12730', 'u10501', 'u2298', 'u10506', 'u1780', 'u16839', 'u92884', 'u33499', 'u21839', 'u4550', 'u275675', 'u915141', 'u20635', 'u3407', 'u5810', 'u1035309', 'u17678', 'u36133', 'u17680', 'u23036', 'u29437', 'u6148', 'u945037', 'u5295', 'u18540', 'u38467', 'u17693', 'u9539', 'u14389', 'u24597', 'u16764', 'u14183', 'u8810', 'u22456', 'u13194', 'u17800', 'u812901', 'u173949', 'u24226', 'u44901', 'u16311', 'u13895', 'u25389', 'u35272', 'u42663', 'u1467', 'u624', 'u24729', 'u6237', 'u20675', 'u21851', 'u8929', 'u30154', 'u21355', 'u34720', 'u14773', 'u2073', 'u16587', 'u1037331', 'u8576', 'u31004', 'u2736', 'u21030', 'u17625', 'u17617', 'u4152', 'u21294', 'u149', 'u23698', 'u14312', 'u8988', 'u24763', 'u12769', 'u8167', 'u4718', 'u17615', 'u3770', 'u12767', 'u21204', 'u9585', 'u6045', 'u19424', 'u22810', 'u35082', 'u35084', 'u40238', 'u27039', 'u275709', 'u3595', 'u224', 'u5145', 'u3184', 'u19458', 'u13154', 'u13359', 'u22034', 'u428855', 'u9588', 'u5651', 'u6986', 'u13419', 'u379', 'u13367', 'u15928', 'u13379', 'u21069', 'u13657', 'u25735', 'u26712', 'u5271', 'u4838', 'u20589', 'u3280', 'u16162', 'u26784', 'u12263', 'u13360', 'u5609', 'u23846', 'u9443', 'u40230', 'u5040', 'u1882', 'u177478', 'u36135', 'u18519', 'u328', 'u19040', 'u5200', 'u229', 'u22035', 'u22248', 'u17913', 'u8166', 'u1355', 'u5730', 'u7235', 'u466292', 'u23068', 'u5195', 'u16282', 'u17455', 'u13818', 'u15212', 'u15757', 'u14646', 'u2899', 'u15684', 'u9120', 'u883143', 'u5648', 'u17072', 'u2824', 'u7893', 'u7542', 'u13769', 'u6253', 'u2329', 'u22249', 'u3514', 'u22912', 'u22033', 'u15543', 'u174748', 'u336', 'u22581', 'u28811', 'u7154', 'u662160', 'u4132', 'u7102', 'u269', 'u368276', 'u18776', 'u2652', 'u10140', 'u8558', 'u3977', 'u386865', 'u1508', 'u3121', 'u11224', 'u6399', 'u787846', 'u17360', 'u17641', 'u2487', 'u36281', 'u13128', 'u560', 'u891189', 'u338045', 'u129610', 'u783804', 'u733186', 'u144325', 'u852053', 'u432583', 'u1064772', 'u91753', 'u813900', 'u384386', 'u144359', 'u515612', 'u809014', 'u956630', 'u765', 'u987567', 'u733715', 'u854915', 'u627532', 'u1074003', 'u505752', 'u1060176', 'u14496', 'u1049969', 'u13142', 'u682846', 'u13044', 'u608366', 'u12174', 'u851959', 'u229344', 'u25103', 'u395126', 'u807515', 'u484058', 'u25281', 'u15289', 'u17510', 'u5043', 'u3741', 'u1690', 'u599', 'u115030', 'u140868', 'u2366', 'u837795', 'u620917', 'u117298', 'u78093', 'u273259', 'u290547', 'u557461', 'u264921', 'u377405', 'u164719', 'u253669', 'u966148', 'u9826', 'u269788', 'u631660', 'u684723', 'u83525', 'u83388', 'u8542', 'u1027304', 'u95159', 'u302892', 'u98395', 'u100349', 'u270228', 'u171893', 'u99092', 'u125718', 'u166007', 'u76040', 'u37772', 'u272978', 'u652337', 'u270305', 'u918727', 'u73204', 'u535984', 'u25858', 'u617663', 'u63049', 'u961550', 'u175282', 'u112688', 'u617506', 'u1037197', 'u1026828', 'u610783', 'u176697', 'u88096', 'u1004654', 'u218194', 'u8416', 'u175297', 'u1036310', 'u8600', 'u861713', 'u271212', 'u480186', 'u175290', 'u1041133', 'u8379', 'u778507', 'u105064', 'u199586', 'u166529', 'u793604', 'u435100', 'u580634', 'u1041500', 'u164621', 'u813384', 'u52362', 'u291742', 'u993248', 'u405456', 'u71466', 'u607812', 'u164902', 'u23435', 'u682896', 'u98450', 'u62308', 'u277313', 'u4799', 'u27856', 'u22734', 'u25697', 'u1122', 'u9008', 'u9561', 'u18354', 'u587996', 'u447575', 'u587867', 'u588153', 'u24663', 'u786691', 'u1149', 'u974409', 'u819250', 'u1066890', 'u786648', 'u852141', 'u475182', 'u1063670', 'u426831', 'u731890', 'u721120', 'u521653', 'u983689', 'u733764', 'u609554', 'u1026699', 'u359814', 'u675922', 'u786675', 'u1040686', 'u726662', 'u1073979', 'u313587', 'u982803', 'u651121', 'u976489', 'u344211', 'u1073956', 'u317767', 'u1042703', 'u522909', 'u608466', 'u1073963', 'u505301', 'u326358', 'u1074359', 'u851969', 'u895788', 'u725448', 'u938948', 'u732917', 'u476194', 'u698439', 'u733202', 'u849896', 'u576862', 'u732804', 'u439408', 'u851979', 'u602560', 'u951071', 'u1075160', 'u411599', 'u491799', 'u11451', 'u13569', 'u8846', 'u11993', 'u331928', 'u14769', 'u26626', 'u6503', 'u13816', 'u81447', 'u513324', 'u29606', 'u15389', 'u586', 'u1351', 'u860223', 'u735947', 'u1054707', 'u419', 'u269983', 'u352', 'u10464', 'u16792', 'u24919', 'u16662', 'u670', 'u5089', 'u43578', 'u5003', 'u767490', 'u66491', 'u1027288', 'u805238', 'u1248', 'u240683', 'u6038', 'u932833', 'u164831', 'u607039', 'u672983', 'u148316', 'u245714', 'u21818', 'u244858', 'u1584', 'u975506', 'u1011329', 'u748633', 'u989769', 'u596620', 'u414', 'u3931', 'u26147', 'u947350', 'u366', 'u608047', 'u190082', 'u195920', 'u244902', 'u938445', 'u694544', 'u36284', 'u29198', 'u24885', 'u5120', 'u26880', 'u10991', 'u10296', 'u869203', 'u42481', 'u10967', 'u20809', 'u1424', 'u12675', 'u20191', 'u9385', 'u898633', 'u21837', 'u812297', 'u12355', 'u24251', 'u5653', 'u18134', 'u24021', 'u222206', 'u916966', 'u14484', 'u839789', 'u12762', 'u4464', 'u257212', 'u17719', 'u1110', 'u2658', 'u24705', 'u9545', 'u25210', 'u28147', 'u17260', 'u28600', 'u463', 'u4059', 'u11422', 'u24631', 'u7977', 'u13062', 'u1249', 'u14942', 'u3231', 'u458', 'u31331', 'u8723', 'u14985', 'u569', 'u608606', 'u413163', 'u141119', 'u16778', 'u732874', 'u746607', 'u852031', 'u4627', 'u11802', 'u4309', 'u438526', 'u17217', 'u16536', 'u24444', 'u2185', 'u8725', 'u2283', 'u22818', 'u14976', 'u23699', 'u5030', 'u6959', 'u17834', 'u18960', 'u19108', 'u1051859', 'u17705', 'u26554', 'u198302', 'u157211', 'u767319', 'u670249', 'u276280', 'u275792', 'u912392', 'u902738', 'u146225', 'u796', 'u276457', 'u873743', 'u283443', 'u795052', 'u36308', 'u616057', 'u141310', 'u1034088', 'u573839', 'u282473', 'u240550', 'u570594', 'u857607', 'u283557', 'u141846', 'u899687', 'u23995', 'u2773', 'u14290', 'u7804', 'u17718', 'u16965', 'u25575', 'u18921', 'u1384', 'u24802', 'u20834', 'u15580', 'u17322', 'u9330', 'u18448', 'u4723', 'u846', 'u274', 'u8365', 'u15557', 'u6057', 'u17948', 'u3449', 'u1991', 'u3108', 'u9919', 'u26701', 'u41152', 'u16855', 'u25365', 'u242855', 'u21233', 'u18159', 'u899285', 'u20543', 'u23792', 'u19022', 'u36396', 'u4831', 'u4058', 'u939', 'u19284', 'u13171', 'u24801', 'u416', 'u18113', 'u2074', 'u7056', 'u6957', 'u3369', 'u6294', 'u4623', 'u20064', 'u24660', 'u8173', 'u13092', 'u21483', 'u1788', 'u14125', 'u15867', 'u5764', 'u5712', 'u1606', 'u2484', 'u309630', 'u7287', 'u4740', 'u948371', 'u958703', 'u338161', 'u723170', 'u17875', 'u13849', 'u17953', 'u15265', 'u13440', 'u2016', 'u21682', 'u3360', 'u15508', 'u22847', 'u140482', 'u248141', 'u1013203', 'u526609', 'u8913', 'u654664', 'u240734', 'u2497', 'u280', 'u8610', 'u216139', 'u114208', 'u3793', 'u4867', 'u240721', 'u216137', 'u7431', 'u231', 'u954842', 'u972648', 'u21784', 'u5340', 'u2233', 'u205511', 'u625449', 'u946396', 'u641285', 'u234991', 'u22086', 'u27217', 'u42668', 'u24026', 'u273213', 'u33358', 'u22664', 'u34672', 'u755740', 'u7617', 'u1000013', 'u738', 'u447512', 'u170339', 'u787085', 'u854873', 'u38939', 'u31373', 'u15378', 'u30299', 'u29741', 'u12103', 'u601281', 'u946701', 'u813923', 'u733762', 'u31412', 'u982790', 'u736902', 'u647328', 'u2334', 'u187859', 'u599736', 'u8915', 'u7081', 'u807528', 'u591956', 'u44946', 'u1071915', 'u27306', 'u30121', 'u1016881', 'u21974', 'u9629', 'u33361', 'u40286', 'u63593', 'u646971', 'u6611', 'u27809', 'u31413', 'u2284', 'u18681', 'u25460', 'u960587', 'u27824', 'u1004632', 'u39807', 'u551590', 'u591576', 'u38437', 'u22234', 'u732852', 'u733674', 'u566959', 'u787847', 'u31157', 'u26975', 'u30875', 'u40252', 'u738791', 'u746813', 'u1075173', 'u28914', 'u18558', 'u23274', 'u664202', 'u720983', 'u165677', 'u732875', 'u16918', 'u670029', 'u787932', 'u199475', 'u1626', 'u656496', 'u12031', 'u30332', 'u170733', 'u5356', 'u28668', 'u18675', 'u26077', 'u19513', 'u270547', 'u1002251', 'u188223', 'u1074005', 'u1074353', 'u787153', 'u198199', 'u20953', 'u5896', 'u1057899', 'u7086', 'u12555', 'u852144', 'u12983', 'u30894', 'u13299', 'u587829', 'u20211', 'u7868', 'u925906', 'u3957', 'u17576', 'u22991', 'u38435', 'u807503', 'u935823', 'u984089', 'u30892', 'u988904', 'u36145', 'u924', 'u10013', 'u592043', 'u29400', 'u3059', 'u28579', 'u4720', 'u14624', 'u787109', 'u282179', 'u807530', 'u7959', 'u7323', 'u27831', 'u180', 'u26', 'u786527', 'u10663', 'u47114', 'u26972', 'u11426', 'u918991', 'u588078', 'u59466', 'u25918', 'u30891', 'u24019', 'u269751', 'u34714', 'u732816', 'u45086', 'u30897', 'u57712', 'u884495', 'u22088', 'u391417', 'u12286', 'u9717', 'u16982', 'u10115', 'u1016131', 'u933236', 'u348', 'u19114', 'u892032', 'u11416', 'u4976', 'u21123', 'u172991', 'u864059', 'u31080', 'u27015', 'u5777', 'u614149', 'u1054172', 'u14273', 'u717287', 'u5520', 'u14788', 'u7399', 'u2688', 'u5425', 'u25836', 'u21545', 'u571028', 'u17286', 'u2348', 'u22936', 'u500062', 'u5325', 'u15724', 'u13224', 'u916511', 'u6403', 'u24527', 'u1142', 'u10853', 'u16891', 'u3311', 'u2358', 'u16008', 'u22363', 'u11983', 'u12500', 'u13721', 'u18801', 'u1006327', 'u23486', 'u19833', 'u29566', 'u15155', 'u1098', 'u16004', 'u22369', 'u16897', 'u177816', 'u918685', 'u15560', 'u16748', 'u23485', 'u25237', 'u4490', 'u17304', 'u19660', 'u134813', 'u38784', 'u2513', 'u13230', 'u1445', 'u2593', 'u906852', 'u276735', 'u23592', 'u4245', 'u1274', 'u21084', 'u17671', 'u23489', 'u19177', 'u812', 'u9140', 'u3730', 'u17143', 'u2566', 'u30307', 'u12501', 'u292137', 'u3976', 'u7508', 'u17598', 'u17326', 'u2205', 'u8800', 'u20665', 'u9064', 'u9171', 'u7971', 'u7673', 'u426', 'u38359', 'u6164', 'u614', 'u9729', 'u4324', 'u5137', 'u18550', 'u8945', 'u5861', 'u20878', 'u1347', 'u40270', 'u635131', 'u13687', 'u597232', 'u16000', 'u454933', 'u2238', 'u4722', 'u41358', 'u3309', 'u586176', 'u22520', 'u3381', 'u20180', 'u602846', 'u856', 'u1028125', 'u16892', 'u19878', 'u13280', 'u7464', 'u248911', 'u3208', 'u13283', 'u166663', 'u2028', 'u41', 'u17081', 'u25933', 'u5941', 'u5320', 'u12941', 'u17666', 'u38669', 'u294792', 'u7837', 'u35296', 'u674', 'u11413', 'u22869', 'u914', 'u15776', 'u21511', 'u13253', 'u1007', 'u5274', 'u211984', 'u380895', 'u24710', 'u12742', 'u16049', 'u3494', 'u19506', 'u5128', 'u23686', 'u525', 'u143442', 'u23869', 'u9178', 'u3099', 'u4931', 'u607381', 'u38748', 'u19099', 'u893', 'u16528', 'u2485', 'u7660', 'u14631', 'u22052', 'u9799', 'u10549', 'u467', 'u1013875', 'u21654', 'u9381', 'u623', 'u25290', 'u25081', 'u6831', 'u551353', 'u10656', 'u6339', 'u2651', 'u31320', 'u25149', 'u3049', 'u24566', 'u19093', 'u17884', 'u11476', 'u2728', 'u11061', 'u9078', 'u26768', 'u25532', 'u6180', 'u5718', 'u13069', 'u10903', 'u499887', 'u13697', 'u839125', 'u882868', 'u10456', 'u295352', 'u8674', 'u25059', 'u2258', 'u21391', 'u5636', 'u1906', 'u22900', 'u28569', 'u19462', 'u238373', 'u21820', 'u1448', 'u22513', 'u10284', 'u5210', 'u7842', 'u20188', 'u15773', 'u2377', 'u975659', 'u391559', 'u26923', 'u264893', 'u10551', 'u20052', 'u94081', 'u413308', 'u4693', 'u25683', 'u22362', 'u11640', 'u20708', 'u14188', 'u7440', 'u12311', 'u5367', 'u1938', 'u944903', 'u7111', 'u22785', 'u3654', 'u5214', 'u5656', 'u197965', 'u11021', 'u163', 'u16640', 'u13616', 'u14892', 'u13064', 'u832043', 'u24344', 'u11127', 'u28308', 'u13690', 'u9977', 'u6114', 'u3075', 'u7365', 'u4978', 'u696997', 'u25523', 'u7780', 'u23421', 'u10638', 'u2511', 'u17530', 'u2649', 'u21946', 'u596733', 'u5372', 'u4249', 'u4650', 'u24564', 'u10936', 'u5535', 'u112416', 'u551659', 'u4037', 'u4368', 'u26274', 'u25792', 'u284622', 'u20295', 'u163834', 'u4562', 'u8920', 'u29051', 'u9366', 'u11182', 'u4967', 'u5539', 'u7362', 'u873157', 'u11630', 'u8839', 'u20832', 'u9615', 'u4165', 'u18392', 'u2563', 'u19252', 'u7651', 'u6798', 'u20958', 'u14208', 'u858', 'u203', 'u950628', 'u25272', 'u10269', 'u14106', 'u23342', 'u18042', 'u19919', 'u945525', 'u21390', 'u16449', 'u22521', 'u19217', 'u156696', 'u29018', 'u11581', 'u8100', 'u13096', 'u1854', 'u6502', 'u867798', 'u16218', 'u25943', 'u19642', 'u275738', 'u303', 'u187526', 'u182031', 'u24992', 'u15774', 'u838929', 'u886517', 'u11633', 'u2325', 'u23052', 'u22434', 'u25788', 'u12138', 'u2647', 'u16450', 'u20546', 'u2264', 'u878102', 'u883287', 'u151322', 'u25336', 'u21671', 'u14515', 'u13741', 'u1041419', 'u5225', 'u343853', 'u17844', 'u1013', 'u9809', 'u8824', 'u22688', 'u924729', 'u11059', 'u1682', 'u14438', 'u216540', 'u24277', 'u35290', 'u841208', 'u946988', 'u20532', 'u18268', 'u2591', 'u20813', 'u7993', 'u955399', 'u13103', 'u13246', 'u9600', 'u11475', 'u2897', 'u7091', 'u6145', 'u550252', 'u43785', 'u2644', 'u7768', 'u31559', 'u9068', 'u18846', 'u20651', 'u15489', 'u852139', 'u7068', 'u16864', 'u16575', 'u40131', 'u4735', 'u24544', 'u11537', 'u3137', 'u34674', 'u1750', 'u24168', 'u20054', 'u8380', 'u9225', 'u30437', 'u179661', 'u21867', 'u8909', 'u1000108', 'u1309', 'u12403', 'u31270', 'u13056', 'u13704', 'u8286', 'u6851', 'u14914', 'u17479', 'u3119', 'u583969', 'u44', 'u174424', 'u4421', 'u4800', 'u377', 'u24013', 'u856343', 'u10807', 'u9558', 'u36313', 'u20365', 'u8199', 'u27402', 'u5452', 'u26910', 'u17742', 'u681475', 'u13297', 'u9370', 'u19641', 'u4686', 'u180230', 'u41338', 'u20523', 'u14210', 'u4001', 'u703129', 'u22695', 'u15814', 'u16880', 'u29121', 'u16824', 'u4716', 'u12051', 'u24586', 'u17358', 'u20693', 'u1174', 'u3211', 'u7770', 'u11865', 'u9698', 'u547', 'u3897', 'u7174', 'u20103', 'u18330', 'u11116', 'u2785', 'u11863', 'u5682', 'u5799', 'u4669', 'u23524', 'u4710', 'u1245', 'u787857', 'u603692', 'u813858', 'u589595', 'u1004292', 'u807519', 'u786724', 'u854856', 'u1004831', 'u587664', 'u723609', 'u732879', 'u726597', 'u1074352', 'u984082', 'u854849', 'u603308', 'u787150', 'u982810', 'u984091', 'u522270', 'u1074347', 'u1074349', 'u395229', 'u984067', 'u603952', 'u1075167', 'u787117', 'u1074008', 'u1006458', 'u1030486', 'u733671', 'u854933', 'u725290', 'u813907', 'u813944', 'u813913', 'u1073949', 'u851973', 'u807363', 'u602863', 'u854881', 'u602728', 'u603535', 'u852010', 'u982775', 'u851980', 'u726594', 'u599440', 'u456020', 'u732910', 'u379371', 'u607540', 'u852042', 'u608898', 'u813859', 'u852011', 'u720133', 'u1074358', 'u1006544', 'u813853', 'u851977', 'u588229', 'u1075174', 'u602740', 'u362104', 'u787100', 'u1005838', 'u733694', 'u733678', 'u602485', 'u1003584', 'u807517', 'u984083', 'u786714', 'u609652', 'u984141', 'u588087', 'u807345', 'u786651', 'u813845', 'u301632', 'u854867', 'u786722', 'u589438', 'u733713', 'u984051', 'u589590', 'u787093', 'u608313', 'u1001939', 'u603681', 'u1074445', 'u813838', 'u1073951', 'u854859', 'u733759', 'u720464', 'u982798', 'u982806', 'u982807', 'u720771', 'u982774', 'u1075176', 'u1074355', 'u609123', 'u726399', 'u786746', 'u982812', 'u438524', 'u726454', 'u983672', 'u591596', 'u587605', 'u603613', 'u852168', 'u1003489', 'u733637', 'u1073973', 'u463905', 'u854917', 'u591645', 'u851948', 'u1006136', 'u726412', 'u855382', 'u602227', 'u733780', 'u813856', 'u432493', 'u607561', 'u982797', 'u384128', 'u456129', 'u807356', 'u602522', 'u720000', 'u438957', 'u1056340', 'u320225', 'u591703', 'u786700', 'u813937', 'u1003649', 'u608777', 'u720799', 'u324124', 'u984142', 'u854861', 'u813887', 'u852161', 'u813924', 'u982557', 'u982786', 'u426599', 'u813931', 'u813875', 'u601089', 'u854868', 'u324883', 'u1075150', 'u720795', 'u787918', 'u587763', 'u545344', 'u2098', 'u12509', 'u13182', 'u6176', 'u617412', 'u8775', 'u19248', 'u174253', 'u821437', 'u5448', 'u590381', 'u854922', 'u20060', 'u284838', 'u19349', 'u781', 'u854877', 'u199099', 'u4003', 'u730403', 'u1366', 'u304346', 'u594671', 'u961802', 'u350644', 'u963066', 'u8331', 'u23909', 'u6392', 'u220675', 'u259594', 'u607571', 'u985776', 'u13880', 'u172503', 'u1017266', 'u150698', 'u14614', 'u143750', 'u97833', 'u265353', 'u506053', 'u183030', 'u734333', 'u816955', 'u113182', 'u878549', 'u585824', 'u217127', 'u175658', 'u218579', 'u1038553', 'u164780', 'u566165', 'u743914', 'u456487', 'u164707', 'u176018', 'u639509', 'u470025', 'u3737', 'u474682', 'u990860', 'u782901', 'u191743', 'u618997', 'u21015', 'u107217', 'u1893', 'u992163', 'u450387', 'u50448', 'u26890', 'u950337', 'u99085', 'u1068858', 'u175398', 'u270671', 'u104922', 'u915617', 'u239089', 'u69588', 'u772690', 'u24161', 'u715386', 'u979833', 'u16501', 'u164332', 'u68941', 'u482802', 'u139462', 'u277635', 'u538864', 'u661442', 'u236972', 'u25860', 'u98076', 'u171846', 'u4514', 'u271413', 'u16942', 'u504617', 'u18718', 'u720029', 'u544582', 'u269508', 'u844812', 'u1301', 'u164318', 'u17644', 'u1002192', 'u718463', 'u71484', 'u187911', 'u69164', 'u266457', 'u968288', 'u1003540', 'u236541', 'u469516', 'u218477', 'u977004', 'u276978', 'u270349', 'u629261', 'u17283', 'u648893', 'u19519', 'u20373', 'u143194', 'u7644', 'u823791', 'u125790', 'u191597', 'u3257', 'u270316', 'u665184', 'u913435', 'u1045650', 'u980889', 'u236953', 'u658184', 'u152782', 'u1074766', 'u334794', 'u6163', 'u218182', 'u876599', 'u264624', 'u920763', 'u6380', 'u227151', 'u1030915', 'u1071492', 'u132967', 'u909114', 'u1036940', 'u98408', 'u175243', 'u640602', 'u266460', 'u170533', 'u637195', 'u617140', 'u294899', 'u164319', 'u68221', 'u495639', 'u253679', 'u812757', 'u348535', 'u97027', 'u113194', 'u929696', 'u686743', 'u54611', 'u661891', 'u88094', 'u88745', 'u134915', 'u269912', 'u187903', 'u176783', 'u927739', 'u3154', 'u797533', 'u756665', 'u532799', 'u127828', 'u285538', 'u127933', 'u508478', 'u250732', 'u15599', 'u265559', 'u196553', 'u88942', 'u698574', 'u849811', 'u785131', 'u139170', 'u288083', 'u3249', 'u723451', 'u977874', 'u498668', 'u277401', 'u776153', 'u168240', 'u20374', 'u94448', 'u866405', 'u187879', 'u516774', 'u22005', 'u424292', 'u98038', 'u142743', 'u634276', 'u15924', 'u5782', 'u16944', 'u29432', 'u1024593', 'u1012437', 'u217202', 'u185199', 'u134130', 'u271580', 'u800027', 'u427997', 'u647169', 'u193295', 'u253563', 'u275552', 'u187744', 'u253621', 'u596362', 'u174875', 'u270712', 'u264734', 'u136197', 'u236976', 'u537490', 'u822045', 'u354567', 'u107450', 'u265352', 'u682710', 'u202854', 'u598156', 'u269924', 'u520172', 'u98432', 'u20184', 'u115048', 'u164890', 'u106879', 'u715751', 'u1043866', 'u191219', 'u21071', 'u164605', 'u93480', 'u861348', 'u271529', 'u97963', 'u240385', 'u49838', 'u10534', 'u138969', 'u271247', 'u641346', 'u483', 'u488692', 'u276947', 'u270436', 'u782012', 'u812408', 'u265056', 'u885472', 'u138273', 'u237147', 'u851217', 'u371371', 'u118433', 'u819773', 'u818556', 'u112940', 'u67903', 'u1004625', 'u666572', 'u168595', 'u7637', 'u703753', 'u546676', 'u965939', 'u906142', 'u22073', 'u165269', 'u112664', 'u171708', 'u8179', 'u104423', 'u488553', 'u329937', 'u192455', 'u187689', 'u117593', 'u92979', 'u8870', 'u246848', 'u198994', 'u10123', 'u11069', 'u3095', 'u30428', 'u864505', 'u9860', 'u30421', 'u1473', 'u35078', 'u837641', 'u29859', 'u323447', 'u2611', 'u359491', 'u1045329', 'u817422', 'u812061', 'u1049366', 'u559050', 'u40245', 'u40181', 'u300373', 'u402', 'u1023739', 'u1041204', 'u12315', 'u23562', 'u353846', 'u764313', 'u23651', 'u38860', 'u4788', 'u769729', 'u996240', 'u18918', 'u8573', 'u36942', 'u12722', 'u34985', 'u9007', 'u310946', 'u368932', 'u20059', 'u787125', 'u1228', 'u912347', 'u967350', 'u15916', 'u15279', 'u29531', 'u29213', 'u335354', 'u39264', 'u30211', 'u8760', 'u8198', 'u31501', 'u483936', 'u20963', 'u128913', 'u15554', 'u6458', 'u138576', 'u13689', 'u651618', 'u93705', 'u460008', 'u253659', 'u174321', 'u217381', 'u19656', 'u112411', 'u14159', 'u164613', 'u832594', 'u237157', 'u281195', 'u1042836', 'u139230', 'u25424', 'u217342', 'u97429', 'u271065', 'u19516', 'u61715', 'u142440', 'u127546', 'u276760', 'u16484', 'u515093', 'u1071249', 'u8873', 'u157181', 'u18302', 'u420390', 'u6456', 'u500618', 'u945305', 'u663878', 'u6440', 'u874711', 'u505001', 'u637965', 'u2287', 'u114206', 'u196544', 'u8921', 'u112780', 'u275751', 'u825161', 'u64278', 'u507314', 'u709455', 'u13411', 'u54129', 'u133455', 'u33629', 'u25425', 'u42905', 'u234910', 'u6513', 'u19034', 'u690399', 'u13434', 'u926648', 'u25629', 'u3557', 'u11225', 'u218191', 'u183253', 'u557602', 'u821436', 'u23296', 'u6441', 'u270415', 'u181202', 'u9958', 'u370054', 'u599819', 'u3687', 'u253674', 'u32702', 'u387769', 'u19512', 'u582499', 'u132378', 'u176653', 'u1055679', 'u451739', 'u196797', 'u55695', 'u66667', 'u2608', 'u13324', 'u1998', 'u8931', 'u1040043', 'u150087', 'u5033', 'u957655', 'u24930', 'u271027', 'u532255', 'u112550', 'u1074787', 'u75290', 'u15503', 'u11949', 'u5018', 'u23968', 'u240815', 'u8778', 'u244275', 'u798091', 'u73368', 'u153112', 'u72250', 'u77598', 'u132412', 'u933027', 'u439557', 'u67904', 'u14874', 'u994310', 'u342051', 'u108964', 'u759736', 'u492357', 'u841878', 'u102507', 'u197110', 'u113402', 'u256142', 'u55137', 'u144576', 'u13760', 'u20656', 'u4333', 'u18459', 'u6553', 'u25937', 'u2400', 'u4199', 'u1291', 'u11393', 'u5767', 'u12680', 'u25652', 'u8993', 'u21903', 'u4815', 'u23960', 'u545581', 'u232756', 'u25360', 'u17221', 'u91520', 'u24011', 'u4532', 'u112710', 'u13553', 'u497190', 'u23648', 'u6242', 'u572310', 'u5407', 'u13177', 'u921263', 'u14567', 'u568', 'u7532', 'u545', 'u12024', 'u8770', 'u13074', 'u15516', 'u5494', 'u23543', 'u9483', 'u822027', 'u669103', 'u1069469', 'u573470', 'u10083', 'u773270', 'u24922', 'u10604', 'u14319', 'u86108', 'u100128', 'u217543', 'u23886', 'u1048798', 'u13265', 'u121', 'u730447', 'u580471', 'u35168', 'u743', 'u694634', 'u22016', 'u965342', 'u952459', 'u14868', 'u104347', 'u25084', 'u20378', 'u3100', 'u13313', 'u18556', 'u13681', 'u2851', 'u13302', 'u218042', 'u21523', 'u3566', 'u24086', 'u70', 'u16125', 'u992087', 'u6208', 'u16373', 'u16609', 'u31102', 'u27186', 'u25291', 'u5615', 'u4945', 'u28571', 'u5241', 'u28080', 'u22867', 'u36949', 'u9331', 'u25154', 'u25995', 'u725582', 'u7124', 'u2129', 'u20093', 'u4820', 'u1287', 'u2198', 'u23447', 'u19374', 'u839439', 'u14551', 'u7005', 'u975306', 'u675436', 'u8752', 'u3916', 'u8404', 'u946', 'u5469', 'u15262', 'u27343', 'u21205', 'u617239', 'u582494', 'u329', 'u31265', 'u3543', 'u23635', 'u732848', 'u19101', 'u15495', 'u8690', 'u915651', 'u926557', 'u4483', 'u726639', 'u650934', 'u2175', 'u5390', 'u1805', 'u15860', 'u261971', 'u24647', 'u862583', 'u754376', 'u3450', 'u8564', 'u14070', 'u25023', 'u19326', 'u7462', 'u9446', 'u25571', 'u11074', 'u26879', 'u333649', 'u251', 'u173093', 'u190191', 'u835416', 'u198543', 'u271850', 'u554736', 'u751914', 'u696782', 'u480710', 'u939319', 'u134360', 'u1009600', 'u1045397', 'u5138', 'u187454', 'u66459', 'u59749', 'u743782', 'u819527', 'u37724', 'u186922', 'u517760', 'u15218', 'u632459', 'u217296', 'u143970', 'u534832', 'u1015068', 'u887234', 'u354656', 'u726479', 'u272967', 'u139287', 'u189980', 'u878627', 'u8851', 'u104441', 'u269997', 'u1015397', 'u273184', 'u9337', 'u2342', 'u397994', 'u17704', 'u559965', 'u145502', 'u565962', 'u613747', 'u996971', 'u3214', 'u18905', 'u10535', 'u13878', 'u14317', 'u20842', 'u25444', 'u4426', 'u13879', 'u25461', 'u25762', 'u460201', 'u16500', 'u25775', 'u752564', 'u945748', 'u170260', 'u187773', 'u14659', 'u19812', 'u11437', 'u15879', 'u619718', 'u987651', 'u682057', 'u588425', 'u7764', 'u840850', 'u47', 'u165294', 'u9896', 'u624938', 'u633100', 'u2321', 'u4746', 'u892290', 'u177951', 'u25882', 'u10573', 'u16432', 'u22538', 'u191282', 'u4510', 'u84211', 'u6301', 'u31299', 'u1454', 'u19461', 'u6728', 'u3032', 'u276318', 'u602108', 'u16504', 'u25373', 'u16811', 'u8273', 'u126584', 'u13448', 'u8134', 'u24732', 'u175746', 'u4252', 'u1031378', 'u8523', 'u277735', 'u65', 'u3210', 'u811116', 'u626', 'u6360', 'u821179', 'u38643', 'u16990', 'u801060', 'u10156', 'u193', 'u655678', 'u3029', 'u743878', 'u832205', 'u270744', 'u613217', 'u23920', 'u175422', 'u24770', 'u19161', 'u1922', 'u2138', 'u111520', 'u6657', 'u18390', 'u3984', 'u9616', 'u777796', 'u10574', 'u369517', 'u127812', 'u174720', 'u986990', 'u23320', 'u277351', 'u10499', 'u3988', 'u271737', 'u917042', 'u12451', 'u13901', 'u18388', 'u16288', 'u221503', 'u38816', 'u16286', 'u785043', 'u6141', 'u9714', 'u5221', 'u15858', 'u81383', 'u1284', 'u3207', 'u188428', 'u4181', 'u235414', 'u20779', 'u481528', 'u24015', 'u18339', 'u17049', 'u10726', 'u135074', 'u26588', 'u24335', 'u158181', 'u10502', 'u157792', 'u27766', 'u12449', 'u6997', 'u569748', 'u26836', 'u19780', 'u625109', 'u25890', 'u19779', 'u1068', 'u91915', 'u12342', 'u237974', 'u53138', 'u7885', 'u3531', 'u26785', 'u128228', 'u18098', 'u6797', 'u9720', 'u20539', 'u11024', 'u668', 'u43772', 'u43245', 'u34773', 'u495941', 'u2122', 'u142284', 'u2327', 'u27958', 'u19954', 'u42675', 'u17466', 'u7920', 'u43755', 'u40259', 'u1427', 'u30095', 'u803', 'u7928', 'u4114', 'u13867', 'u3645', 'u29914', 'u36637', 'u12925', 'u14620', 'u27308', 'u12145', 'u4646', 'u2338', 'u26357', 'u26999', 'u25993', 'u22614', 'u17055', 'u15753', 'u269752', 'u27630', 'u266873', 'u22065', 'u169862', 'u18819', 'u30308', 'u2215', 'u7739', 'u236912', 'u286815', 'u36405', 'u565412', 'u4897', 'u934987', 'u39040', 'u19956', 'u25784', 'u38984', 'u22064', 'u24438', 'u829274', 'u2118', 'u16098', 'u535', 'u4518', 'u33', 'u26382', 'u8403', 'u1053009', 'u20846', 'u28624', 'u22002', 'u5700', 'u16197', 'u7499', 'u453', 'u678', 'u27612', 'u17797', 'u10202', 'u2847', 'u28916', 'u218218', 'u13528', 'u5111', 'u4495', 'u2257', 'u15014', 'u27010', 'u13747', 'u22835', 'u22238', 'u34766', 'u21814', 'u22132', 'u13534', 'u13521', 'u3354', 'u5579', 'u924836', 'u4533', 'u25684', 'u710990', 'u185330', 'u265063', 'u5267', 'u971609', 'u13542', 'u1517', 'u182885', 'u8838', 'u9209', 'u29395', 'u25082', 'u40144', 'u3915', 'u277396', 'u22838', 'u1334', 'u20017', 'u3550', 'u21934', 'u1710', 'u40361', 'u16910', 'u181876', 'u391935', 'u9472', 'u250354', 'u36149', 'u1275', 'u15826', 'u31294', 'u216911', 'u117943', 'u17574', 'u818', 'u14660', 'u27803', 'u883514', 'u22125', 'u270858', 'u9754', 'u34634', 'u28877', 'u38486', 'u30315', 'u199737', 'u38', 'u12148', 'u9478', 'u20662', 'u61', 'u13338', 'u25064', 'u21896', 'u4618', 'u27356', 'u3292', 'u35310', 'u27790', 'u29489', 'u29120', 'u36498', 'u38438', 'u43773', 'u3294', 'u12740', 'u3297', 'u31601', 'u971066', 'u31603', 'u2212', 'u704762', 'u9646', 'u5673', 'u38471', 'u16645', 'u169802', 'u20251', 'u21792', 'u7863', 'u7461', 'u7501', 'u42660', 'u815', 'u128250', 'u8267', 'u30448', 'u1779', 'u15501', 'u3410', 'u40256', 'u23235', 'u31600', 'u236', 'u27953', 'u40257', 'u4082', 'u1069', 'u2565', 'u4906', 'u18475', 'u879269', 'u31417', 'u14037', 'u34669', 'u1881', 'u8531', 'u12147', 'u31283', 'u256', 'u951', 'u14561', 'u2069', 'u25450', 'u8111', 'u9191', 'u19438', 'u19315', 'u892', 'u23970', 'u16070', 'u23897', 'u243', 'u3699', 'u16090', 'u3578', 'u9458', 'u20838', 'u11287', 'u23075', 'u13599', 'u7', 'u1551', 'u548145', 'u34659', 'u2806', 'u15145', 'u5083', 'u44942', 'u172322', 'u40122', 'u27607', 'u25874', 'u4903', 'u42667', 'u29670', 'u27551', 'u4583', 'u14840', 'u40357', 'u44971', 'u18478', 'u29643', 'u31292', 'u36406', 'u11488', 'u28617', 'u15625', 'u29411', 'u13573', 'u196119', 'u13300', 'u23034', 'u23281', 'u18587', 'u42773', 'u36144', 'u627735', 'u31297', 'u67', 'u22130', 'u27664', 'u5530', 'u36151', 'u29641', 'u26942', 'u15751', 'u10183', 'u29651', 'u13316', 'u13884', 'u1113', 'u36458', 'u2425', 'u14003', 'u15022', 'u26898', 'u17434', 'u28609', 'u7545', 'u1333', 'u250297', 'u7137', 'u30187', 'u216834', 'u26944', 'u3594', 'u17340', 'u3286', 'u26896', 'u16622', 'u674954', 'u13605', 'u18470', 'u11379', 'u17302', 'u6', 'u4290', 'u1670', 'u217913', 'u22019', 'u19725', 'u26911', 'u31160', 'u15015', 'u27682', 'u14910', 'u8565', 'u6681', 'u45090', 'u11518', 'u7139', 'u174823', 'u1073778', 'u16611', 'u4143', 'u22063', 'u626997', 'u4451', 'u4775', 'u30142', 'u199724', 'u23358', 'u484', 'u9028', 'u1471', 'u15493', 'u15023', 'u26941', 'u31333', 'u12160', 'u2790', 'u1361', 'u226', 'u4787', 'u43753', 'u3830', 'u29232', 'u253373', 'u134838', 'u8099', 'u43751', 'u7889', 'u5486', 'u20019', 'u4111', 'u1346', 'u22112', 'u875', 'u37893', 'u13538', 'u11517', 'u16978', 'u10766', 'u1778', 'u841', 'u83228', 'u22947', 'u210147', 'u20995', 'u66552', 'u1055898', 'u833008', 'u21891', 'u6955', 'u918747', 'u10834', 'u128100', 'u920019', 'u11576', 'u24477', 'u26100', 'u16702', 'u6544', 'u2683', 'u736955', 'u287997', 'u649228', 'u74976', 'u246930', 'u170120', 'u224404', 'u559297', 'u636764', 'u550186', 'u22490', 'u25517', 'u139356', 'u10881', 'u16635', 'u3225', 'u154870', 'u19247', 'u23518', 'u19796', 'u1168', 'u20624', 'u36350', 'u27364', 'u1036232', 'u761899', 'u946910', 'u28342', 'u684610', 'u100381', 'u19366', 'u870', 'u314750', 'u6753', 'u896670', 'u546142', 'u17409', 'u12302', 'u265862', 'u602461', 'u953423', 'u902500', 'u147921', 'u748291', 'u786319', 'u548659', 'u37535', 'u983969', 'u471887', 'u111279', 'u19994', 'u444261', 'u1029005', 'u4782', 'u875492', 'u218275', 'u42450', 'u896763', 'u43122', 'u212430', 'u274783', 'u623686', 'u5388', 'u19996', 'u940718', 'u264785', 'u179116', 'u571843', 'u26456', 'u735299', 'u27469', 'u767545', 'u545795', 'u865047', 'u562186', 'u54774', 'u244859', 'u786263', 'u193204', 'u635821', 'u1041970', 'u26572', 'u37531', 'u669937', 'u177811', 'u29693', 'u984086', 'u2270', 'u968039', 'u289848', 'u19254', 'u30801', 'u609114', 'u23433', 'u942516', 'u933997', 'u40246', 'u162545', 'u11366', 'u19998', 'u922559', 'u125926', 'u778418', 'u1070818', 'u609025', 'u753947', 'u658888', 'u20162', 'u838366', 'u23017', 'u612941', 'u499339', 'u737897', 'u21606', 'u1060657', 'u148377', 'u43446', 'u114571', 'u23825', 'u14812', 'u1040544', 'u9059', 'u217', 'u1052048', 'u154898', 'u766846', 'u165341', 'u14424', 'u257210', 'u1040042', 'u14548', 'u1016803', 'u15707', 'u29695', 'u266631', 'u26453', 'u321852', 'u958821', 'u1687', 'u986', 'u29696', 'u69374', 'u243010', 'u29219', 'u658567', 'u207943', 'u836250', 'u104706', 'u33190', 'u217544', 'u2202', 'u117790', 'u153023', 'u369634', 'u26592', 'u10369', 'u917159', 'u3501', 'u506929', 'u7705', 'u686645', 'u508628', 'u24379', 'u920807', 'u17993', 'u20336', 'u837727', 'u591919', 'u16202', 'u927658', 'u8323', 'u529688', 'u217037', 'u3487', 'u23947', 'u574072', 'u21026', 'u7141', 'u947781', 'u314321', 'u11412', 'u635548', 'u4506', 'u44977', 'u5943', 'u21027', 'u33363', 'u19166', 'u4379', 'u13063', 'u702402', 'u128472', 'u311844', 'u10748', 'u8827', 'u813600', 'u6961', 'u243652', 'u19297', 'u4347', 'u840375', 'u19979', 'u320505', 'u602207', 'u25515', 'u21665', 'u537437', 'u2888', 'u11929', 'u1028720', 'u13496', 'u143', 'u14118', 'u15553', 'u66014', 'u24781', 'u618707', 'u236133', 'u14971', 'u401913', 'u69705', 'u16701', 'u9777', 'u269638', 'u211370', 'u14579', 'u254067', 'u16970', 'u7743', 'u20349', 'u14104', 'u796121', 'u139411', 'u4845', 'u45851', 'u113026', 'u908795', 'u62486', 'u499547', 'u275438', 'u925579', 'u460907', 'u233439', 'u5035', 'u497177', 'u157368', 'u864161', 'u832651', 'u783779', 'u582528', 'u683900', 'u1062627', 'u422555', 'u233463', 'u611311', 'u538164', 'u865305', 'u244914', 'u734071', 'u496982', 'u26669', 'u648510', 'u1036169', 'u386385', 'u429437', 'u599830', 'u829079', 'u1006504', 'u921400', 'u126398', 'u775911', 'u533952', 'u945931', 'u580294', 'u876829', 'u679989', 'u471091', 'u967492', 'u812136', 'u57110', 'u292146', 'u467325', 'u244905', 'u749580', 'u148505', 'u244881', 'u110682', 'u270701', 'u4721', 'u169051', 'u4491', 'u5753', 'u12225', 'u172977', 'u6362', 'u934808', 'u235234', 'u25500', 'u25315', 'u13354', 'u278006', 'u231638', 'u19583', 'u17894', 'u11115', 'u191685', 'u89522', 'u16418', 'u9281', 'u22672', 'u143954', 'u15086', 'u24904', 'u115727', 'u4748', 'u233', 'u140743', 'u171315', 'u269999', 'u19584', 'u19582', 'u8664', 'u190488', 'u23415', 'u35286', 'u23414', 'u504', 'u324', 'u42721', 'u210354', 'u6760', 'u1669', 'u24434', 'u266066', 'u1136', 'u26154', 'u1064168', 'u15518', 'u750208', 'u6321', 'u791640', 'u445499', 'u93081', 'u685278', 'u10608', 'u15079', 'u26957', 'u18034', 'u683494', 'u151465', 'u39160', 'u13443', 'u174335', 'u39625', 'u759629', 'u285453', 'u24822', 'u45478', 'u6162', 'u648753', 'u235161', 'u733646', 'u1033167', 'u876317', 'u9699', 'u76808', 'u612877', 'u198894', 'u172180', 'u242628', 'u26432', 'u17063', 'u38928', 'u590210', 'u7089', 'u1003794', 'u299802', 'u23860', 'u100', 'u17531', 'u813855', 'u566042', 'u16212', 'u10776', 'u10093', 'u982811', 'u840490', 'u9133', 'u18887', 'u2673', 'u460898', 'u20615', 'u16058', 'u23259', 'u15966', 'u20104', 'u20691', 'u2470', 'u5394', 'u18885', 'u26840', 'u14017', 'u10300', 'u4385', 'u23682', 'u585830', 'u27028', 'u2048', 'u1037986', 'u1006563', 'u193479', 'u27023', 'u10294', 'u15913', 'u265583', 'u997733', 'u10584', 'u76697', 'u265888', 'u291807', 'u913369', 'u140383', 'u861378', 'u13559', 'u28137', 'u182079', 'u45765', 'u42902', 'u1039185', 'u503', 'u921642', 'u265368', 'u39214', 'u270217', 'u19659', 'u235035', 'u17639', 'u112698', 'u26996', 'u4668', 'u34257', 'u18491', 'u9788', 'u9832', 'u14921', 'u494', 'u552159', 'u6418', 'u129603', 'u8202', 'u710815', 'u185832', 'u607814', 'u3496', 'u637080', 'u189188', 'u152560', 'u130036', 'u973032', 'u1045393', 'u1060358', 'u557973', 'u932439', 'u924031', 'u900791', 'u917593', 'u895571', 'u572446', 'u705941', 'u889915', 'u581015', 'u924161', 'u585381', 'u54015', 'u275348', 'u79532', 'u289413', 'u74690', 'u117159', 'u88048', 'u55199', 'u119761', 'u145392', 'u168744', 'u136639', 'u146234', 'u184331', 'u130214', 'u914450', 'u924196', 'u740182', 'u854593', 'u826851', 'u851874', 'u657237', 'u687684', 'u992722', 'u832492', 'u939932', 'u911797', 'u631138', 'u232096', 'u467739', 'u237120', 'u221037', 'u265881', 'u262096', 'u82540', 'u981061', 'u156659', 'u931003', 'u71930', 'u133724', 'u181123', 'u1007290', 'u866159', 'u889893', 'u122335', 'u181129', 'u919046', 'u1066058', 'u65369', 'u922187', 'u181410', 'u968800', 'u711514', 'u401209', 'u384668', 'u741099', 'u667421', 'u695970', 'u803658', 'u386058', 'u391273', 'u660247', 'u787560', 'u66024', 'u999283', 'u70365', 'u167746', 'u136803', 'u201501', 'u271376', 'u252077', 'u275719', 'u240008', 'u873159', 'u544394', 'u737293', 'u597962', 'u544064', 'u840273', 'u840078', 'u731237', 'u954278', 'u837512', 'u860893', 'u566600', 'u751411', 'u972378', 'u567017', 'u610385', 'u947063', 'u778448', 'u258499', 'u82769', 'u129745', 'u516096', 'u127089', 'u125603', 'u435405', 'u386598', 'u105925', 'u240961', 'u520920', 'u292211', 'u292284', 'u441987', 'u447027', 'u129715', 'u490640', 'u779020', 'u920469', 'u801337', 'u59144', 'u821121', 'u839816', 'u853407', 'u696107', 'u883338', 'u612194', 'u434442', 'u682617', 'u613402', 'u295463', 'u590797', 'u254016', 'u233015', 'u573863', 'u641234', 'u457445', 'u95695', 'u964906', 'u971430', 'u864928', 'u914160', 'u77855', 'u104684', 'u52125', 'u116573', 'u1029376', 'u74437', 'u171105', 'u152845', 'u165746', 'u539645', 'u660400', 'u762730', 'u648090', 'u599046', 'u757371', 'u1039422', 'u89467', 'u225710', 'u251385', 'u1057806', 'u199839', 'u228779', 'u122722', 'u66822', 'u110416', 'u138401', 'u164447', 'u863088', 'u710040', 'u986886', 'u992290', 'u584793', 'u797055', 'u976646', 'u950932', 'u828584', 'u546127', 'u618059', 'u757205', 'u110158', 'u398752', 'u153148', 'u470119', 'u289455', 'u294521', 'u107366', 'u111786', 'u191418', 'u515952', 'u260870', 'u405309', 'u207872', 'u103407', 'u191125', 'u470728', 'u138769', 'u1014536', 'u824048', 'u1016105', 'u826922', 'u1047013', 'u89397', 'u830153', 'u81231', 'u994403', 'u918639', 'u983490', 'u84052', 'u457434', 'u559399', 'u610983', 'u290076', 'u250918', 'u666285', 'u573161', 'u292841', 'u266443', 'u83716', 'u143921', 'u179650', 'u1015148', 'u130799', 'u925923', 'u959008', 'u111927', 'u169188', 'u58180', 'u1016879', 'u902246', 'u613025', 'u699163', 'u722166', 'u799952', 'u649481', 'u666309', 'u824111', 'u665950', 'u662274', 'u693285', 'u646856', 'u522013', 'u231983', 'u141467', 'u80666', 'u245514', 'u70410', 'u261543', 'u9866', 'u102323', 'u282108', 'u282460', 'u63905', 'u883129', 'u1015428', 'u625166', 'u875398', 'u973053', 'u966304', 'u602493', 'u819716', 'u702789', 'u623699', 'u788103', 'u1013334', 'u641943', 'u683252', 'u606483', 'u270061', 'u293074', 'u443759', 'u543808', 'u136488', 'u354653', 'u281479', 'u375408', 'u184849', 'u71441', 'u953633', 'u50515', 'u742582', 'u107340', 'u95569', 'u965253', 'u749359', 'u956903', 'u956633', 'u851774', 'u739157', 'u1061383', 'u861563', 'u619309', 'u266481', 'u282610', 'u442559', 'u563645', 'u657927', 'u592781', 'u214927', 'u197242', 'u1004234', 'u878984', 'u127405', 'u198574', 'u50288', 'u111931', 'u129887', 'u218102', 'u171556', 'u200606', 'u218819', 'u85874', 'u973047', 'u972077', 'u961478', 'u71426', 'u88338', 'u49016', 'u183321', 'u1014409', 'u1073915', 'u698939', 'u470868', 'u718417', 'u748108', 'u651435', 'u765874', 'u843988', 'u799419', 'u829541', 'u514625', 'u507909', 'u341994', 'u295669', 'u108559', 'u77045', 'u74539', 'u46783', 'u270343', 'u174060', 'u60479', 'u92088', 'u134978', 'u200377', 'u199068', 'u311082', 'u642689', 'u585038', 'u660747', 'u854686', 'u987188', 'u926978', 'u801895', 'u987682', 'u896056', 'u874991', 'u658667', 'u899165', 'u279466', 'u158318', 'u273196', 'u180930', 'u283426', 'u552387', 'u571891', 'u294396', 'u563512', 'u340934', 'u499587', 'u237603', 'u851911', 'u898971', 'u6865', 'u994779', 'u876587', 'u112449', 'u968022', 'u92921', 'u795622', 'u78785', 'u911618', 'u1050570', 'u112183', 'u722507', 'u562883', 'u614924', 'u427858', 'u607597', 'u668632', 'u1015692', 'u1065297', 'u55122', 'u109781', 'u992058', 'u50637', 'u903127', 'u1057979', 'u1071158', 'u112483', 'u180212', 'u11552', 'u902717', 'u134881', 'u1031366', 'u80127', 'u706360', 'u872431', 'u602838', 'u833858', 'u481356', 'u557905', 'u520142', 'u786744', 'u483353', 'u624333', 'u857520', 'u758426', 'u460390', 'u52675', 'u200156', 'u244990', 'u360160', 'u295047', 'u354093', 'u292347', 'u684760', 'u710100', 'u1031336', 'u812251', 'u876475', 'u912884', 'u949185', 'u867785', 'u751685', 'u991936', 'u857596', 'u936800', 'u1030411', 'u929795', 'u803670', 'u174164', 'u575897', 'u434122', 'u251800', 'u240414', 'u274421', 'u246068', 'u311998', 'u88425', 'u941788', 'u130049', 'u1033609', 'u876689', 'u1055181', 'u907275', 'u79531', 'u834436', 'u803613', 'u770024', 'u545784', 'u549107', 'u764490', 'u666850', 'u621807', 'u691097', 'u636279', 'u443686', 'u591836', 'u638454', 'u176043', 'u2720', 'u167459', 'u156076', 'u49792', 'u141536', 'u170279', 'u1034208', 'u190835', 'u220235', 'u1051411', 'u787988', 'u611193', 'u937730', 'u740708', 'u601939', 'u685194', 'u730829', 'u607762', 'u582875', 'u67630', 'u190373', 'u52777', 'u488453', 'u479969', 'u292806', 'u188990', 'u69749', 'u125436', 'u166352', 'u257897', 'u240300', 'u87852', 'u64156', 'u158338', 'u822046', 'u906761', 'u964106', 'u981499', 'u804512', 'u923350', 'u708187', 'u849643', 'u15556', 'u864378', 'u939733', 'u648507', 'u564395', 'u265552', 'u566753', 'u294180', 'u227918', 'u122820', 'u1036804', 'u183513', 'u172434', 'u1041071', 'u158816', 'u170078', 'u149928', 'u131637', 'u888374', 'u706706', 'u548029', 'u684617', 'u419254', 'u665423', 'u751662', 'u159421', 'u277908', 'u79304', 'u134087', 'u129983', 'u266363', 'u134530', 'u288844', 'u222416', 'u238461', 'u290480', 'u195569', 'u817735', 'u835575', 'u734907', 'u636069', 'u949108', 'u613608', 'u851098', 'u803687', 'u947080', 'u94449', 'u257538', 'u251617', 'u270404', 'u468704', 'u213769', 'u147169', 'u57074', 'u68868', 'u119128', 'u199074', 'u130639', 'u759318', 'u915850', 'u713742', 'u918212', 'u744761', 'u878344', 'u699464', 'u1059868', 'u762536', 'u673982', 'u779003', 'u265072', 'u321682', 'u288471', 'u277052', 'u292864', 'u636186', 'u294394', 'u422650', 'u271752', 'u266344', 'u274181', 'u205520', 'u64368', 'u104297', 'u60405', 'u932865', 'u155104', 'u162587', 'u518730', 'u792001', 'u713289', 'u505368', 'u591047', 'u792484', 'u1006726', 'u266345', 'u1065563', 'u102452', 'u1048177', 'u174318', 'u217034', 'u1025720', 'u112264', 'u183368', 'u100536', 'u888331', 'u924676', 'u787242', 'u922453', 'u615117', 'u651470', 'u828061', 'u948203', 'u781918', 'u622169', 'u489500', 'u442993', 'u292716', 'u377636', 'u176841', 'u290091', 'u245549', 'u292204', 'u181263', 'u320490', 'u530194', 'u494589', 'u1032034', 'u1043845', 'u67538', 'u73110', 'u59244', 'u813104', 'u428825', 'u547334', 'u557414', 'u289404', 'u680722', 'u430251', 'u606655', 'u606512', 'u291700', 'u290561', 'u554528', 'u170442', 'u125488', 'u121262', 'u24045', 'u237471', 'u99536', 'u963571', 'u26616', 'u913996', 'u1040285', 'u480935', 'u603153', 'u493492', 'u736650', 'u431181', 'u719125', 'u661803', 'u672855', 'u759308', 'u657627', 'u582619', 'u518024', 'u590040', 'u721695', 'u123274', 'u200570', 'u106397', 'u1016092', 'u1043099', 'u175756', 'u123458', 'u150567', 'u119264', 'u722424', 'u778811', 'u978070', 'u917994', 'u606917', 'u848923', 'u892065', 'u875284', 'u123877', 'u219537', 'u160251', 'u242978', 'u211694', 'u351118', 'u170217', 'u260357', 'u174807', 'u223790', 'u258396', 'u420668', 'u745355', 'u49450', 'u995034', 'u58067', 'u760724', 'u94355', 'u84010', 'u924537', 'u97159', 'u764123', 'u719879', 'u51899', 'u9869', 'u915957', 'u13907', 'u574550', 'u290037', 'u416999', 'u495362', 'u636399', 'u631998', 'u603068', 'u510818', 'u642718', 'u936842', 'u95887', 'u95174', 'u999945', 'u957156', 'u177939', 'u889883', 'u203201', 'u59063', 'u241071', 'u76494', 'u619096', 'u711094', 'u544173', 'u624392', 'u658432', 'u535404', 'u562670', 'u496464', 'u53821', 'u280546', 'u266156', 'u1072928', 'u63050', 'u1065653', 'u224841', 'u70926', 'u58140', 'u53310', 'u127943', 'u18082', 'u321154', 'u694549', 'u838422', 'u795909', 'u1036972', 'u706021', 'u845595', 'u976231', 'u192530', 'u235315', 'u237373', 'u208744', 'u562872', 'u572179', 'u151391', 'u222287', 'u290066', 'u287823', 'u824587', 'u777353', 'u57214', 'u52676', 'u132391', 'u772931', 'u113288', 'u806084', 'u68088', 'u107701', 'u68081', 'u830217', 'u1033456', 'u882060', 'u83820', 'u1000287', 'u111691', 'u919410', 'u685666', 'u468621', 'u723391', 'u345958', 'u490003', 'u629119', 'u685111', 'u590038', 'u988622', 'u276059', 'u936508', 'u1042522', 'u967836', 'u270187', 'u129668', 'u965623', 'u275123', 'u264914', 'u22488', 'u237869', 'u170785', 'u57357', 'u184850', 'u219358', 'u265344', 'u102701', 'u7759', 'u434159', 'u827340', 'u662050', 'u556778', 'u852292', 'u636923', 'u749210', 'u845265', 'u499300', 'u660076', 'u760770', 'u887281', 'u881749', 'u859939', 'u545780', 'u896416', 'u899163', 'u814923', 'u15832', 'u6279', 'u13832', 'u4090', 'u25038', 'u8390', 'u5208', 'u12761', 'u6717', 'u24782', 'u26442', 'u42471', 'u17716', 'u4241', 'u915353', 'u157666', 'u17964', 'u22873', 'u20086', 'u16526', 'u891218', 'u1037056', 'u683083', 'u9216', 'u599447', 'u799893', 'u33168', 'u1073987', 'u307', 'u733375', 'u733768', 'u2810', 'u653558', 'u165741', 'u311904', 'u22759', 'u273279', 'u129689', 'u7967', 'u23282', 'u198612', 'u312835', 'u20131', 'u713704', 'u3129', 'u311818', 'u16183', 'u776380', 'u765020', 'u824016', 'u16275', 'u42', 'u10915', 'u6169', 'u271235', 'u11577', 'u174858', 'u7992', 'u4508', 'u266327', 'u9685', 'u888109', 'u1023025', 'u745364', 'u2578', 'u219207', 'u270979', 'u439141', 'u698968', 'u885383', 'u990891', 'u903855', 'u187000', 'u15604', 'u7550', 'u487584', 'u3467', 'u762629', 'u172017', 'u169453', 'u160257', 'u12210', 'u866', 'u11573', 'u1844', 'u43802', 'u167345', 'u624558', 'u705013', 'u219086', 'u25382', 'u127273', 'u651625', 'u1000752', 'u168201', 'u1027161', 'u1026521', 'u104122', 'u69638', 'u718023', 'u54034', 'u776682', 'u769749', 'u378080', 'u13470', 'u103029', 'u764742', 'u22232', 'u164213', 'u821476', 'u691903', 'u285861', 'u12345', 'u309741', 'u570525', 'u736750', 'u917421', 'u970776', 'u103796', 'u685416', 'u547384', 'u24573', 'u14686', 'u874708', 'u15188', 'u827232', 'u170345', 'u236142', 'u588508', 'u765495', 'u1014557', 'u180443', 'u21766', 'u792895', 'u1031243', 'u926591', 'u190176', 'u656846', 'u13073', 'u23038', 'u163811', 'u953729', 'u716255', 'u87478', 'u17378', 'u564054', 'u219775', 'u4527', 'u656925', 'u902343', 'u1106', 'u602781', 'u127', 'u17025', 'u857172', 'u1013897', 'u176711', 'u962256', 'u24297', 'u12190', 'u1039658', 'u145', 'u10409', 'u22871', 'u1042624', 'u19657', 'u104254', 'u891165', 'u28252', 'u1011518', 'u204965', 'u152586', 'u1049862', 'u871', 'u187078', 'u21068', 'u721074', 'u163960', 'u21848', 'u106565', 'u439102', 'u124315', 'u2864', 'u269493', 'u22849', 'u19105', 'u848722', 'u781612', 'u13957', 'u6385', 'u19524', 'u21260', 'u2170', 'u578686', 'u2527', 'u2422', 'u12402', 'u175274', 'u12025', 'u270156', 'u22940', 'u167366', 'u560214', 'u614250', 'u387699', 'u460945', 'u22647', 'u547389', 'u5125', 'u4026', 'u22517', 'u23654', 'u215773', 'u670476', 'u1063276', 'u21632', 'u560193', 'u196539', 'u785919', 'u8689', 'u1024226', 'u250954', 'u1570', 'u383410', 'u764259', 'u14113', 'u314422', 'u133950', 'u566818', 'u3025', 'u650688', 'u719', 'u171323', 'u567886', 'u564690', 'u23706', 'u327083', 'u3933', 'u15902', 'u17907', 'u167585', 'u26642', 'u2977', 'u1022095', 'u14688', 'u560178', 'u13541', 'u182519', 'u6726', 'u348817', 'u20172', 'u10946', 'u874386', 'u445', 'u702570', 'u830313', 'u30867', 'u438969', 'u24452', 'u9589', 'u126322', 'u1075162', 'u13473', 'u606430', 'u170271', 'u13683', 'u22761', 'u4116', 'u4064', 'u700519', 'u601656', 'u588405', 'u285122', 'u505522', 'u6588', 'u561536', 'u17620', 'u940084', 'u236266', 'u25117', 'u199658', 'u851735', 'u1503', 'u879046', 'u104792', 'u15885', 'u111524', 'u310024', 'u126760', 'u368179', 'u584783', 'u473251', 'u190066', 'u654802', 'u4673', 'u26555', 'u6915', 'u564404', 'u29510', 'u24889', 'u239472', 'u14821', 'u2114', 'u802984', 'u981593', 'u2999', 'u737925', 'u2510', 'u912846', 'u16293', 'u266047', 'u935521', 'u30794', 'u1898', 'u267679', 'u111874', 'u269715', 'u253117', 'u534831', 'u678829', 'u448677', 'u691550', 'u23040', 'u7851', 'u16343', 'u170337', 'u217827', 'u33514', 'u12448', 'u25470', 'u11369', 'u1470', 'u4061', 'u25123', 'u11583', 'u6423', 'u24331', 'u29963', 'u14848', 'u1053968', 'u1049218', 'u188936', 'u1325', 'u695831', 'u495176', 'u4519', 'u2875', 'u841323', 'u974694', 'u11192', 'u840444', 'u14754', 'u280542', 'u428838', 'u15526', 'u603705', 'u274695', 'u839771', 'u611661', 'u24100', 'u8595', 'u142391', 'u242496', 'u275018', 'u630974', 'u279491', 'u599192', 'u19324', 'u514768', 'u11946', 'u741175', 'u6586', 'u10076', 'u380300', 'u4013', 'u250790', 'u270012', 'u3639', 'u36906', 'u5920', 'u22357', 'u178030', 'u913029', 'u6819', 'u984352', 'u6979', 'u63833', 'u99144', 'u110511', 'u265059', 'u33348', 'u13694', 'u13351', 'u917481', 'u640005', 'u6477', 'u834394', 'u1074558', 'u214950', 'u4032', 'u750131', 'u899259', 'u4089', 'u587889', 'u22360', 'u35011', 'u84258', 'u2929', 'u110872', 'u24351', 'u5793', 'u11816', 'u903110', 'u679816', 'u6472', 'u23136', 'u200780', 'u164185', 'u12506', 'u235063', 'u21175', 'u4210', 'u151072', 'u18255', 'u22359', 'u4743', 'u7955', 'u445002', 'u696670', 'u857816', 'u842362', 'u36767', 'u8071', 'u5930', 'u8036', 'u766142', 'u6280', 'u1072699', 'u11516', 'u5962', 'u86025', 'u355608', 'u20313', 'u1077', 'u2245', 'u881705', 'u87937', 'u279804', 'u143235', 'u132313', 'u4019', 'u20316', 'u1059490', 'u10935', 'u212980', 'u3486', 'u3980', 'u20514', 'u3502', 'u2445', 'u861593', 'u851551', 'u1973', 'u140713', 'u10542', 'u6475', 'u139276', 'u7329', 'u749897', 'u6090', 'u12535', 'u173718', 'u1058002', 'u22921', 'u83559', 'u327961', 'u3004', 'u2955', 'u18657', 'u178018', 'u12514', 'u22364', 'u60628', 'u8051', 'u2684', 'u23138', 'u208163', 'u98211', 'u20102', 'u8498', 'u8085', 'u5979', 'u12444', 'u148712', 'u1017525', 'u11815', 'u6410', 'u277338', 'u216842', 'u17236', 'u4829', 'u3890', 'u12436', 'u3723', 'u4122', 'u158007', 'u6092', 'u10606', 'u1065629', 'u1829', 'u398712', 'u438188', 'u21590', 'u24491', 'u18655', 'u7503', 'u735166', 'u8711', 'u199630', 'u20235', 'u26604', 'u14603', 'u673403', 'u1012113', 'u951184', 'u992267', 'u1046426', 'u958175', 'u685267', 'u556466', 'u660436', 'u670287', 'u708743', 'u672952', 'u708008', 'u774405', 'u749703', 'u819099', 'u874243', 'u127613', 'u216328', 'u139805', 'u463924', 'u174044', 'u177473', 'u43845', 'u356289', 'u200059', 'u83118', 'u402006', 'u174336', 'u74881', 'u125738', 'u284540', 'u410722', 'u73943', 'u849204', 'u1001210', 'u854913', 'u705827', 'u21101', 'u674564', 'u859320', 'u851994', 'u4400', 'u908258', 'u9060', 'u680779', 'u868236', 'u547156', 'u253561', 'u634225', 'u611907', 'u399603', 'u291306', 'u344219', 'u167865', 'u118415', 'u114102', 'u102541', 'u1021320', 'u880244', 'u139736', 'u15385', 'u896378', 'u833999', 'u174341', 'u860354', 'u1064828', 'u57924', 'u25111', 'u1016083', 'u843460', 'u875327', 'u971696', 'u71051', 'u94774', 'u567067', 'u808862', 'u581273', 'u594860', 'u678245', 'u552867', 'u544211', 'u803775', 'u292193', 'u307928', 'u165878', 'u104876', 'u273873', 'u171815', 'u9973', 'u182943', 'u237514', 'u236795', 'u126399', 'u81787', 'u201332', 'u237189', 'u176110', 'u8948', 'u966893', 'u572674', 'u614475', 'u615737', 'u760443', 'u284386', 'u175963', 'u448558', 'u123151', 'u80988', 'u518399', 'u104826', 'u219307', 'u136907', 'u287994', 'u276691', 'u175879', 'u130235', 'u176673', 'u236485', 'u75554', 'u515388', 'u214932', 'u238464', 'u116941', 'u1018032', 'u22891', 'u1074464', 'u841094', 'u916770', 'u56371', 'u64673', 'u854910', 'u701912', 'u841332', 'u771336', 'u22892', 'u22564', 'u736239', 'u902974', 'u284729', 'u608888', 'u287080', 'u663728', 'u603971', 'u566884', 'u271609', 'u676117', 'u289766', 'u269774', 'u259628', 'u556275', 'u587597', 'u264781', 'u33021', 'u75598', 'u174612', 'u979860', 'u1021842', 'u19539', 'u163213', 'u62541', 'u102246', 'u164413', 'u170550', 'u984045', 'u138986', 'u1035044', 'u937816', 'u862022', 'u999873', 'u488141', 'u584614', 'u759320', 'u471801', 'u647613', 'u291165', 'u22430', 'u214006', 'u294272', 'u276762', 'u61371', 'u271006', 'u133127', 'u3965', 'u188219', 'u26983', 'u93007', 'u61697', 'u1062076', 'u117059', 'u236449', 'u15533', 'u830011', 'u688738', 'u554096', 'u910832', 'u813221', 'u955309', 'u877690', 'u861670', 'u680474', 'u757348', 'u906338', 'u713791', 'u229072', 'u112693', 'u217984', 'u530043', 'u118866', 'u294853', 'u296408', 'u174329', 'u91543', 'u180063', 'u253571', 'u105945', 'u285805', 'u55899', 'u1073960', 'u1069609', 'u785816', 'u68445', 'u717084', 'u786677', 'u50699', 'u888911', 'u30592', 'u875355', 'u713503', 'u909341', 'u34085', 'u707871', 'u873461', 'u872585', 'u733572', 'u706002', 'u930261', 'u936370', 'u603906', 'u490032', 'u499509', 'u237583', 'u264980', 'u649578', 'u456480', 'u551220', 'u174027', 'u25114', 'u91534', 'u131684', 'u53084', 'u218822', 'u1031339', 'u95295', 'u135199', 'u894961', 'u918650', 'u118625', 'u1054223', 'u164773', 'u132615', 'u164615', 'u175499', 'u187716', 'u33701', 'u20627', 'u896652', 'u222184', 'u196753', 'u67052', 'u112796', 'u187273', 'u127042', 'u723439', 'u560383', 'u755934', 'u460295', 'u813083', 'u639402', 'u603371', 'u581992', 'u583591', 'u269576', 'u164879', 'u79943', 'u218201', 'u31614', 'u37865', 'u123112', 'u127221', 'u165041', 'u171764', 'u20081', 'u208928', 'u37103', 'u53409', 'u191687', 'u85020', 'u168587', 'u176140', 'u23535', 'u42904', 'u62602', 'u174797', 'u16445', 'u253559', 'u263974', 'u205890', 'u235463', 'u819296', 'u956403', 'u835398', 'u883896', 'u668180', 'u709823', 'u939871', 'u887704', 'u762911', 'u986906', 'u719839', 'u239434', 'u176518', 'u440689', 'u193003', 'u236946', 'u237188', 'u237698', 'u234966', 'u137790', 'u220461', 'u342134', 'u251410', 'u403256', 'u852342', 'u945658', 'u962265', 'u34269', 'u791061', 'u22427', 'u925462', 'u991173', 'u952843', 'u74406', 'u1074015', 'u776501', 'u948541', 'u1071368', 'u25850', 'u954586', 'u1068828', 'u97797', 'u921076', 'u19917', 'u567404', 'u408422', 'u294889', 'u702818', 'u592382', 'u504758', 'u263975', 'u684441', 'u430899', 'u586108', 'u284607', 'u543457', 'u264569', 'u584037', 'u372367', 'u982270', 'u932958', 'u219901', 'u1064048', 'u98946', 'u84056', 'u1057400', 'u129924', 'u11622', 'u231593', 'u97694', 'u218485', 'u253686', 'u969251', 'u200620', 'u30373', 'u974239', 'u112845', 'u1073955', 'u56362', 'u51880', 'u192996', 'u475475', 'u758068', 'u473931', 'u863540', 'u466176', 'u87636', 'u167940', 'u333760', 'u71173', 'u166329', 'u16452', 'u271624', 'u110434', 'u77706', 'u192994', 'u67058', 'u190225', 'u103737', 'u197373', 'u97823', 'u175306', 'u190974', 'u52238', 'u238737', 'u270060', 'u271875', 'u235296', 'u114063', 'u266462', 'u13214', 'u592469', 'u714703', 'u658987', 'u653949', 'u658995', 'u781973', 'u894371', 'u969765', 'u899190', 'u649187', 'u605022', 'u920099', 'u737676', 'u607271', 'u670427', 'u685692', 'u441478', 'u206277', 'u237588', 'u270331', 'u237226', 'u176010', 'u568021', 'u164483', 'u191401', 'u191753', 'u490158', 'u164705', 'u137748', 'u173989', 'u516158', 'u140486', 'u235163', 'u265421', 'u521278', 'u276770', 'u200422', 'u829907', 'u750961', 'u123015', 'u921638', 'u83630', 'u119237', 'u76526', 'u125785', 'u93837', 'u57472', 'u851549', 'u1071301', 'u100317', 'u962233', 'u24979', 'u531294', 'u472052', 'u446637', 'u726499', 'u631714', 'u685181', 'u59273', 'u13445', 'u237184', 'u71383', 'u964487', 'u128118', 'u64447', 'u32320', 'u127429', 'u81705', 'u217279', 'u271324', 'u1070843', 'u269754', 'u953245', 'u117339', 'u191426', 'u925142', 'u269572', 'u179201', 'u66944', 'u123104', 'u165136', 'u78147', 'u912684', 'u170261', 'u55801', 'u531149', 'u664280', 'u892466', 'u537884', 'u691096', 'u615968', 'u628005', 'u733566', 'u832706', 'u725645', 'u850752', 'u723204', 'u80674', 'u100360', 'u265061', 'u236847', 'u175705', 'u22426', 'u99730', 'u98927', 'u123382', 'u10653', 'u140724', 'u1074862', 'u294823', 'u127029', 'u175688', 'u1066123', 'u27532', 'u1024823', 'u1030860', 'u914293', 'u617637', 'u682578', 'u756443', 'u1022501', 'u191756', 'u449664', 'u425947', 'u432302', 'u196796', 'u175472', 'u193298', 'u182077', 'u191462', 'u533396', 'u289946', 'u174783', 'u167836', 'u269485', 'u813426', 'u1034744', 'u130206', 'u68415', 'u950856', 'u41538', 'u108385', 'u840640', 'u978286', 'u25129', 'u930110', 'u1062825', 'u64927', 'u94703', 'u858600', 'u638830', 'u481669', 'u597215', 'u510316', 'u481628', 'u349359', 'u574940', 'u680059', 'u743558', 'u199662', 'u174805', 'u958805', 'u185390', 'u14194', 'u1073976', 'u4383', 'u77722', 'u171533', 'u219783', 'u14195', 'u74273', 'u239674', 'u10415', 'u72349', 'u94750', 'u192461', 'u191412', 'u126150', 'u24051', 'u201946', 'u187790', 'u219742', 'u173120', 'u826893', 'u899697', 'u630279', 'u718194', 'u699012', 'u895868', 'u669445', 'u673725', 'u760438', 'u508457', 'u605728', 'u820167', 'u164317', 'u136143', 'u170265', 'u294064', 'u271341', 'u236843', 'u490588', 'u212944', 'u170262', 'u284398', 'u487365', 'u48112', 'u117064', 'u83101', 'u132429', 'u236480', 'u265231', 'u39485', 'u463344', 'u214838', 'u273854', 'u236902', 'u75117', 'u232276', 'u266456', 'u58795', 'u271198', 'u62935', 'u32830', 'u981972', 'u913195', 'u990432', 'u709916', 'u982788', 'u749342', 'u682599', 'u15540', 'u1042144', 'u894945', 'u667832', 'u6323', 'u686254', 'u708605', 'u824616', 'u508906', 'u593489', 'u372793', 'u271538', 'u279501', 'u624675', 'u273165', 'u864177', 'u822012', 'u142258', 'u819492', 'u40221', 'u174636', 'u994431', 'u174819', 'u897097', 'u1021239', 'u175300', 'u994010', 'u902740', 'u79688', 'u500107', 'u617342', 'u737528', 'u447279', 'u556402', 'u580369', 'u774793', 'u723068', 'u709155', 'u455455', 'u618570', 'u757223', 'u553910', 'u235004', 'u89307', 'u264769', 'u175552', 'u71168', 'u105062', 'u254280', 'u135874', 'u270332', 'u981806', 'u94836', 'u1068844', 'u100379', 'u103458', 'u112098', 'u237549', 'u214828', 'u236483', 'u269823', 'u265557', 'u236487', 'u100361', 'u1060013', 'u81674', 'u897601', 'u673957', 'u713620', 'u505040', 'u779007', 'u736238', 'u732493', 'u758072', 'u175180', 'u265619', 'u265425', 'u270087', 'u132400', 'u117124', 'u102845', 'u495737', 'u218216', 'u252945', 'u236525', 'u59745', 'u265070', 'u188178', 'u176712', 'u277325', 'u217459', 'u164264', 'u186957', 'u95808', 'u176009', 'u706219', 'u963601', 'u20941', 'u675301', 'u794959', 'u874409', 'u25115', 'u20967', 'u676201', 'u16216', 'u649937', 'u342970', 'u588133', 'u538070', 'u522033', 'u542026', 'u463421', 'u350017', 'u500141', 'u438493', 'u585328', 'u588238', 'u264807', 'u170105', 'u849240', 'u991463', 'u1066026', 'u47891', 'u8204', 'u45434', 'u112404', 'u187814', 'u127201', 'u146888', 'u111926', 'u1063411', 'u193113', 'u875435', 'u14641', 'u841499', 'u1073982', 'u17989', 'u66760', 'u174342', 'u117179', 'u589601', 'u444303', 'u446577', 'u530656', 'u482117', 'u663870', 'u539892', 'u578866', 'u174337', 'u51289', 'u1071324', 'u193314', 'u117939', 'u125204', 'u237584', 'u217661', 'u138984', 'u354777', 'u218185', 'u5374', 'u189114', 'u989180', 'u276968', 'u141000', 'u9170', 'u757736', 'u950464', 'u923683', 'u600826', 'u721060', 'u563050', 'u805881', 'u722580', 'u831943', 'u610430', 'u939641', 'u145171', 'u431280', 'u222712', 'u176683', 'u303767', 'u130041', 'u515156', 'u415498', 'u94177', 'u137268', 'u493485', 'u294165', 'u131989', 'u193418', 'u145265', 'u189716', 'u296152', 'u287078', 'u296491', 'u58463', 'u5789', 'u852328', 'u733181', 'u84545', 'u939473', 'u30597', 'u77235', 'u19294', 'u42899', 'u53488', 'u956487', 'u1038124', 'u30525', 'u982003', 'u52522', 'u982805', 'u519966', 'u318902', 'u685390', 'u253699', 'u574611', 'u470869', 'u645875', 'u280924', 'u546181', 'u584657', 'u294255', 'u444598', 'u546894', 'u613953', 'u196786', 'u863428', 'u922053', 'u237167', 'u22428', 'u1022567', 'u83451', 'u77770', 'u34444', 'u219793', 'u188235', 'u925715', 'u165116', 'u24156', 'u217983', 'u37086', 'u906019', 'u959437', 'u478393', 'u529612', 'u608247', 'u811642', 'u804305', 'u819630', 'u854841', 'u282880', 'u79866', 'u1051657', 'u315704', 'u236206', 'u90024', 'u10547', 'u62423', 'u25018', 'u219387', 'u103485', 'u74358', 'u216304', 'u129945', 'u54207', 'u1024615', 'u25399', 'u1030914', 'u137917', 'u102472', 'u201290', 'u237541', 'u253963', 'u939276', 'u835083', 'u901327', 'u902369', 'u926656', 'u822035', 'u788247', 'u744182', 'u561885', 'u807532', 'u581157', 'u605107', 'u175500', 'u527640', 'u196775', 'u218863', 'u106997', 'u270372', 'u125226', 'u430262', 'u491487', 'u169491', 'u333282', 'u165247', 'u476451', 'u189602', 'u502463', 'u539691', 'u499361', 'u175497', 'u199319', 'u43463', 'u102329', 'u34888', 'u94506', 'u928340', 'u788065', 'u63615', 'u722767', 'u18232', 'u1061557', 'u60051', 'u900508', 'u85727', 'u431439', 'u444521', 'u490485', 'u265546', 'u603010', 'u655043', 'u470129', 'u269799', 'u292182', 'u270023', 'u614775', 'u630251', 'u164633', 'u140463', 'u125146', 'u176829', 'u1040346', 'u176028', 'u76462', 'u38052', 'u170091', 'u16453', 'u47686', 'u47292', 'u10552', 'u235422', 'u106130', 'u188117', 'u1022842', 'u890275', 'u103476', 'u227181', 'u167342', 'u1010984', 'u176520', 'u11417', 'u33802', 'u994300', 'u642397', 'u452649', 'u544087', 'u449742', 'u766358', 'u451765', 'u778554', 'u732395', 'u505733', 'u441106', 'u188086', 'u2308', 'u365774', 'u215311', 'u170241', 'u7774', 'u62911', 'u25102', 'u175425', 'u1866', 'u169984', 'u383679', 'u93234', 'u34841', 'u129978', 'u105029', 'u1006988', 'u850311', 'u931940', 'u851573', 'u617644', 'u774330', 'u779406', 'u801270', 'u145249', 'u191458', 'u134213', 'u250407', 'u218188', 'u235412', 'u193008', 'u165648', 'u218386', 'u216952', 'u175494', 'u138399', 'u143988', 'u198985', 'u454473', 'u879437', 'u43051', 'u1069472', 'u1001400', 'u42814', 'u758928', 'u116913', 'u97758', 'u132876', 'u983899', 'u115321', 'u74453', 'u983879', 'u129218', 'u585983', 'u583449', 'u188140', 'u387064', 'u112752', 'u164326', 'u164868', 'u218189', 'u176002', 'u78312', 'u53859', 'u88508', 'u341346', 'u236201', 'u25609', 'u196768', 'u187782', 'u238048', 'u468401', 'u601922', 'u678683', 'u540676', 'u554930', 'u508446', 'u784648', 'u740815', 'u58937', 'u1029677', 'u63511', 'u77073', 'u164670', 'u143891', 'u254621', 'u218453', 'u172463', 'u110372', 'u184878', 'u193415', 'u15794', 'u208924', 'u192916', 'u22890', 'u1006381', 'u661350', 'u731400', 'u435215', 'u657770', 'u580780', 'u935587', 'u23890', 'u31556', 'u673409', 'u405832', 'u44623', 'u16226', 'u1073964', 'u1055484', 'u17181', 'u844', 'u614798', 'u3958', 'u413953', 'u303601', 'u10945', 'u733729', 'u5498', 'u273', 'u303129']"
